start_sample,end_sample,start_sec,end_sec,mean,std,amp_range,line_length,energy,dv,fs,z_dv,z_amp,z_line,z_energy,z_fs_inv,susceptibility_score,susceptibility_label,file,subject,session,channel_used,sfreq,duration_min
3609600,3612160,14100.0,14110.0,-0.00011874917358091104,0.0005441881539567851,0.002449960845349813,0.00011076835730668726,3.1024211313304293e-07,0.0002765662826308423,1837.5997178391576,239.0902421394814,268.6757884787468,119.23349658161027,4599.642924490554,506.0742182656232,901.8173022610354,EXTREME,/Volumes/Verbatim/SEIZEL_IT2/SUB1/sub-001_ses-01_task-szMonitoring_run-01_eeg.edf,sub-001_ses-01_task-szMonitoring_run-01_eeg.edf,ses-01,BTEleft SD,256.0,1088.65
14608640,14611200,57065.0,57075.0,0.0002948030628254462,0.0005159266421119049,0.0029909678187228193,3.3384739660820546e-05,3.5308914589212963e-07,0.00017583218289786296,1938.2600479175085,92.32934923823545,103.1137583928269,19.355337609712,4781.526756284499,161.7255487853076,790.2106597550958,EXTREME,/Volumes/Verbatim/SEIZEL_IT2/SUB1/sub-001_ses-01_task-szMonitoring_run-03_eeg.edf,sub-001_ses-01_task-szMonitoring_run-03_eeg.edf,ses-01,BTEleft SD,256.0,1082.9833333333333
4997120,4999680,19520.0,19530.0,-0.00016293232188072207,0.0006857434058097116,0.002647,5.735673127312696e-05,4.967909601249459e-07,0.00021656197029840842,1458.2714030781665,92.1009039778153,108.31615523616486,30.25019205356954,4645.440813275655,274.37448052071755,784.2021558936023,EXTREME,/Volumes/Verbatim/SEIZEL_IT2/SUB1/sub-001_ses-01_task-szMonitoring_run-02_eeg.edf,sub-001_ses-01_task-szMonitoring_run-02_eeg.edf,ses-01,BTEleft SD,256.0,330.26666666666665
3617280,3619840,14130.0,14140.0,-9.316312926775778e-05,0.0005013687544941092,0.0025929604180971993,3.280673219105248e-05,2.6004999663793523e-07,0.00015242102746214386,1994.5399250387661,129.52771174625238,284.7783491238077,31.782617760548987,3854.2120676596896,465.5747543962207,733.3361780766351,EXTREME,/Volumes/Verbatim/SEIZEL_IT2/SUB1/sub-001_ses-01_task-szMonitoring_run-01_eeg.edf,sub-001_ses-01_task-szMonitoring_run-01_eeg.edf,ses-01,BTEleft SD,256.0,1088.65
3610880,3613440,14105.0,14115.0,2.6935478453784145e-05,0.0004934638440407325,0.0026169999999999995,7.284226362225336e-05,2.4423208537499065e-07,0.00020783665052437553,2026.490917318281,178.43393758440527,287.48534200521703,76.6911532423806,3619.2915269576324,458.0981283969128,723.9907190873975,EXTREME,/Volumes/Verbatim/SEIZEL_IT2/SUB1/sub-001_ses-01_task-szMonitoring_run-01_eeg.edf,sub-001_ses-01_task-szMonitoring_run-01_eeg.edf,ses-01,BTEleft SD,256.0,1088.65
15005440,15008000,58615.0,58625.0,0.00036581271373955696,0.0004442420451432931,0.0026969511558709086,1.429048312685969e-05,3.311699362065947e-07,9.529874187505791e-05,2251.0251082299483,48.32997481694727,92.67765090181666,6.165041572895493,4484.428049662721,138.7501496236369,723.2232520926458,EXTREME,/Volumes/Verbatim/SEIZEL_IT2/SUB1/sub-001_ses-01_task-szMonitoring_run-03_eeg.edf,sub-001_ses-01_task-szMonitoring_run-03_eeg.edf,ses-01,BTEleft SD,256.0,1082.9833333333333
4998400,5000960,19525.0,19535.0,-0.0006204775945105668,0.0002763785303136727,0.002538955062180514,4.1566487426804385e-05,4.6137753730796506e-07,0.00015871627784636586,3618.22604399421,66.57082210274181,103.74833906677492,20.91940634326077,4313.862650254371,107.73561179696169,706.0862955358185,EXTREME,/Volumes/Verbatim/SEIZEL_IT2/SUB1/sub-001_ses-01_task-szMonitoring_run-02_eeg.edf,sub-001_ses-01_task-szMonitoring_run-02_eeg.edf,ses-01,BTEleft SD,256.0,330.26666666666665
16131840,16134400,63015.0,63025.0,-2.3256600909819275e-05,0.0005465373520853031,0.002365931746395056,2.485301413366903e-05,2.992439467102932e-07,0.00010479667325034064,1829.701107078624,53.51916124063959,80.92813267590336,13.46162893308259,4051.6948296675127,171.53648879197192,662.5175320853452,EXTREME,/Volumes/Verbatim/SEIZEL_IT2/SUB1/sub-001_ses-01_task-szMonitoring_run-03_eeg.edf,sub-001_ses-01_task-szMonitoring_run-03_eeg.edf,ses-01,BTEleft SD,256.0,1082.9833333333333
14609920,14612480,57070.0,57080.0,0.0004010429467376686,0.0003596922935430564,0.0029909678187228193,2.5173468363756007e-05,2.9021399116229683e-07,0.00015123165676158732,2780.1540793927034,78.88887349693233,103.1137583928269,13.68299844037812,3929.3004480884947,111.6513812105826,651.5306624248997,EXTREME,/Volumes/Verbatim/SEIZEL_IT2/SUB1/sub-001_ses-01_task-szMonitoring_run-03_eeg.edf,sub-001_ses-01_task-szMonitoring_run-03_eeg.edf,ses-01,BTEleft SD,256.0,1082.9833333333333
2201600,2204160,8600.0,8610.0,0.00019142907626292259,0.0009443949028351034,0.0029059417257953765,0.000253056428667649,9.285268237398001e-07,0.0005269642337369323,1058.8790726623886,98.39598344662843,45.498126684832094,68.83486412086813,3855.748225625299,145.10388893245073,650.1778151044998,EXTREME,/Volumes/Verbatim/SEIZEL_IT2/SUB10/sub-010_ses-01_task-szMonitoring_run-03_eeg.edf,sub-010_ses-01_task-szMonitoring_run-03_eeg.edf,ses-01,BTEright SD,256.0,149.13333333333333
16107520,16110080,62920.0,62930.0,-0.00022077687072628182,0.0004917683097352396,0.00248596388189517,2.5638930837291138e-05,2.9057849710754386e-07,0.00011687498379799277,2033.4779166736191,60.11813554762655,85.18866762757594,14.00453951787634,3934.241057099608,153.98263952856402,646.4144113885574,EXTREME,/Volumes/Verbatim/SEIZEL_IT2/SUB1/sub-001_ses-01_task-szMonitoring_run-03_eeg.edf,sub-001_ses-01_task-szMonitoring_run-03_eeg.edf,ses-01,BTEleft SD,256.0,1082.9833333333333
2202880,2205440,8605.0,8615.0,-0.00021422085081564227,0.0009294258879381076,0.0029459713588159,0.00023284268450303276,9.097230540937171e-07,0.0005058893707327878,1075.9330161789717,94.38123079959647,46.14869672327555,63.16053059308732,3777.642569779969,142.7706142443225,635.8187231345589,EXTREME,/Volumes/Verbatim/SEIZEL_IT2/SUB10/sub-010_ses-01_task-szMonitoring_run-03_eeg.edf,sub-010_ses-01_task-szMonitoring_run-03_eeg.edf,ses-01,BTEright SD,256.0,149.13333333333333
5135360,5137920,20060.0,20070.0,-0.0004320647505865187,0.0005360250280275931,0.0023339811856260013,3.536045575002861e-05,4.7400277937137265e-07,0.0001236675202729541,1865.5845265548649,70.51371597113479,109.17648933739022,23.943854775382995,3629.315719584989,196.14369632276455,615.3155969824766,EXTREME,/Volumes/Verbatim/SEIZEL_IT2/SUB1/sub-001_ses-01_task-szMonitoring_run-06_eeg.edf,sub-001_ses-01_task-szMonitoring_run-06_eeg.edf,ses-01,BTEleft SD,256.0,336.53333333333336
3618560,3621120,14135.0,14145.0,-0.0002465076682485982,0.00039617569353932793,0.0025589775539787895,1.880890756132219e-05,2.177212106567284e-07,0.0001005039158553452,2524.1326355540245,83.70904464843214,280.95168642932384,16.08102016509917,3225.5638773476344,366.08100565358495,609.1473891133395,EXTREME,/Volumes/Verbatim/SEIZEL_IT2/SUB1/sub-001_ses-01_task-szMonitoring_run-01_eeg.edf,sub-001_ses-01_task-szMonitoring_run-01_eeg.edf,ses-01,BTEleft SD,256.0,1088.65
16133120,16135680,63020.0,63030.0,-0.00013259729260843453,0.0005074514935911607,0.002365931746395056,2.2235797182564657e-05,2.750890603549867e-07,8.928712213857992e-05,1970.6316971352537,45.04553167998012,80.92813267590336,11.653657708005523,3724.2931761538143,159.00920624516888,608.8271912123638,EXTREME,/Volumes/Verbatim/SEIZEL_IT2/SUB1/sub-001_ses-01_task-szMonitoring_run-03_eeg.edf,sub-001_ses-01_task-szMonitoring_run-03_eeg.edf,ses-01,BTEleft SD,256.0,1082.9833333333333
2200320,2202880,8595.0,8605.0,0.0003925388322616256,0.000844207243957954,0.0027539089799343865,0.00014197626371523805,8.667726055844051e-07,0.0003707498630938466,1184.5432575620757,68.63721073619944,43.02725843408554,37.65281792854386,3599.23829165855,129.48727487137515,592.9935102661157,EXTREME,/Volumes/Verbatim/SEIZEL_IT2/SUB10/sub-010_ses-01_task-szMonitoring_run-03_eeg.edf,sub-010_ses-01_task-szMonitoring_run-03_eeg.edf,ses-01,BTEright SD,256.0,149.13333333333333
13128960,13131520,51285.0,51295.0,-4.695732638690214e-05,0.0004994444262862586,0.0029509571068894484,2.7744375929846643e-05,2.51649725449816e-07,0.00014907018536401096,2002.2247628900782,77.70795550665378,101.69358007560274,15.458979182006527,3406.5902943297265,156.44288690706838,577.2611291190165,EXTREME,/Volumes/Verbatim/SEIZEL_IT2/SUB1/sub-001_ses-01_task-szMonitoring_run-03_eeg.edf,sub-001_ses-01_task-szMonitoring_run-03_eeg.edf,ses-01,BTEleft SD,256.0,1082.9833333333333
2204160,2206720,8610.0,8620.0,-0.0007209218539532787,0.0005698520037114251,0.0030629656977187764,0.00013388033906619554,8.444596256413584e-07,0.00036882205570109325,1754.8415934877746,68.26996422876059,48.05011339423744,35.3801574901643,3506.556347286913,86.72252769011426,575.2362465189949,EXTREME,/Volumes/Verbatim/SEIZEL_IT2/SUB10/sub-010_ses-01_task-szMonitoring_run-03_eeg.edf,sub-010_ses-01_task-szMonitoring_run-03_eeg.edf,ses-01,BTEright SD,256.0,149.13333333333333
5134080,5136640,20055.0,20065.0,-3.562649192106328e-05,0.0006423424402047582,0.0023339811856260013,3.166734004849508e-05,4.1387305741480496e-07,0.00013729687401698668,1556.8020044330715,78.70366366555643,109.17648933739022,21.033633813241533,3168.4141147739715,235.78877358339773,552.4293014875067,EXTREME,/Volumes/Verbatim/SEIZEL_IT2/SUB1/sub-001_ses-01_task-szMonitoring_run-06_eeg.edf,sub-001_ses-01_task-szMonitoring_run-06_eeg.edf,ses-01,BTEleft SD,256.0,336.53333333333336
15004160,15006720,58610.0,58620.0,0.000195708289922608,0.0004558135751779447,0.0026969511558709086,1.3301834641079195e-05,2.4606775006093144e-07,9.449756101946516e-05,2193.8793670542423,47.89225036364333,92.67765090181666,5.482084046866589,3330.9307385234497,142.4589034243145,550.2797357379607,EXTREME,/Volumes/Verbatim/SEIZEL_IT2/SUB1/sub-001_ses-01_task-szMonitoring_run-03_eeg.edf,sub-001_ses-01_task-szMonitoring_run-03_eeg.edf,ses-01,BTEleft SD,256.0,1082.9833333333333
2205440,2208000,8615.0,8625.0,-0.0007478635953772315,0.0004966596806838636,0.0032499869382772565,0.00012647400298981462,8.05970795707557e-07,0.00035807034969062183,2013.451135412528,66.2217687004119,51.089622040182086,33.30107601104938,3346.6843981362736,75.31377461847526,549.589795837679,EXTREME,/Volumes/Verbatim/SEIZEL_IT2/SUB10/sub-010_ses-01_task-szMonitoring_run-03_eeg.edf,sub-010_ses-01_task-szMonitoring_run-03_eeg.edf,ses-01,BTEright SD,256.0,149.13333333333333
13127680,13130240,51280.0,51290.0,1.8381467101310267e-05,0.0004872026888142252,0.0029509571068894484,2.4637226946955824e-05,2.3770433832060732e-07,0.0001472983715984716,2052.533824025703,76.73992661971371,101.69358007560274,13.312563329578385,3217.570866217677,152.5193270804643,547.747765638634,EXTREME,/Volumes/Verbatim/SEIZEL_IT2/SUB1/sub-001_ses-01_task-szMonitoring_run-03_eeg.edf,sub-001_ses-01_task-szMonitoring_run-03_eeg.edf,ses-01,BTEleft SD,256.0,1082.9833333333333
16108800,16111360,62925.0,62935.0,-0.00028630972347791267,0.00039161622123022783,0.00248596388189517,2.0758447603141444e-05,2.3533652248864153e-07,0.00010311113494211951,2553.5203682448796,52.59826887365573,85.18866762757594,10.633105885639477,3185.476870526772,121.88321639467709,527.5836010269061,EXTREME,/Volumes/Verbatim/SEIZEL_IT2/SUB1/sub-001_ses-01_task-szMonitoring_run-03_eeg.edf,sub-001_ses-01_task-szMonitoring_run-03_eeg.edf,ses-01,BTEleft SD,256.0,1082.9833333333333
2088960,2091520,8160.0,8170.0,-4.736984369635489e-05,0.0009920838847830864,0.00354294593728542,0.0003127509454394598,9.864743365381171e-07,0.0006364460286090806,1007.979279101651,221.2492122508462,100.19260622760864,140.06229094383926,2489.5999591442446,223.0053514618955,521.228732739912,EXTREME,/Volumes/Verbatim/SEIZEL_IT2/SUB100/sub-100_ses-01_task-szMonitoring_run-05_eeg.edf,sub-100_ses-01_task-szMonitoring_run-05_eeg.edf,ses-01,BTEleft SD,256.0,138.25
2199040,2201600,8590.0,8600.0,0.0007527711562762267,0.00045156244041513814,0.0026399093766689558,7.417852940580415e-05,7.705730513151224e-07,0.0002349442936307072,2214.5331592816483,42.76630617199875,41.17451283831891,18.620868490249375,3199.6519629781246,68.28430407899639,513.7035082805315,EXTREME,/Volumes/Verbatim/SEIZEL_IT2/SUB10/sub-010_ses-01_task-szMonitoring_run-03_eeg.edf,sub-010_ses-01_task-szMonitoring_run-03_eeg.edf,ses-01,BTEright SD,256.0,149.13333333333333
2206720,2209280,8620.0,8630.0,-0.0007578842615765906,0.00041909534694954323,0.003270950087739376,0.00011332645064421683,7.500294637802521e-07,0.0003382674826568057,2386.091864041389,62.4493307572945,51.430319566548974,29.610339823071353,3114.3195850545717,63.22354036798102,511.53568943796097,EXTREME,/Volumes/Verbatim/SEIZEL_IT2/SUB10/sub-010_ses-01_task-szMonitoring_run-03_eeg.edf,sub-010_ses-01_task-szMonitoring_run-03_eeg.edf,ses-01,BTEright SD,256.0,149.13333333333333
15243520,15246080,59545.0,59555.0,-0.00043149996809910724,0.0007298226700607022,0.0034529018081940945,8.119415798809797e-05,7.188333522040633e-07,0.0003157122436656377,1370.1958566820488,191.26416077937213,120.05716127800149,62.44275562190591,2573.6721464797615,154.86598628305208,504.9798602530312,EXTREME,/Volumes/Verbatim/SEIZEL_IT2/SUB10/sub-010_ses-01_task-szMonitoring_run-09_eeg.edf,sub-010_ses-01_task-szMonitoring_run-09_eeg.edf,ses-01,BTEright SD,256.0,1054.6333333333334
2090240,2092800,8165.0,8175.0,-0.000618994670512417,0.0007583535241610079,0.00354294593728542,0.0002476954225795377,9.58254469730196e-07,0.0005600500550504261,1318.6462076347407,194.17590715198534,100.19260622760864,110.02166305042516,2418.3219852015823,169.49988052549497,489.70270719158844,EXTREME,/Volumes/Verbatim/SEIZEL_IT2/SUB100/sub-100_ses-01_task-szMonitoring_run-05_eeg.edf,sub-100_ses-01_task-szMonitoring_run-05_eeg.edf,ses-01,BTEleft SD,256.0,138.25
2087680,2090240,8155.0,8165.0,0.0005489254470058939,0.0008071503608131605,0.0031509912565804536,0.0002571260718270771,9.528108513314356e-07,0.0005405897795815038,1238.9265337794402,187.27954926116652,88.68643025779727,114.37644512555575,2404.57244864205,180.67043499831172,484.91332811421756,EXTREME,/Volumes/Verbatim/SEIZEL_IT2/SUB100/sub-100_ses-01_task-szMonitoring_run-05_eeg.edf,sub-100_ses-01_task-szMonitoring_run-05_eeg.edf,ses-01,BTEleft SD,256.0,138.25
2208000,2210560,8625.0,8635.0,-0.0007545409394908254,0.0003525919001814412,0.0032379081712062257,9.374255631532768e-05,6.936530774412569e-07,0.00030038293206356546,2836.1400152677,55.23233960788973,50.89331537022783,24.112815599456447,2880.147676332314,52.85740671890338,471.64043717843566,EXTREME,/Volumes/Verbatim/SEIZEL_IT2/SUB10/sub-010_ses-01_task-szMonitoring_run-03_eeg.edf,sub-010_ses-01_task-szMonitoring_run-03_eeg.edf,ses-01,BTEright SD,256.0,149.13333333333333
14357760,14360320,56085.0,56095.0,-0.00020722763616888885,0.00039753928214687843,0.0024109557335774776,1.1463465824559395e-05,2.0098077404200076e-07,5.3880071628181474e-05,2515.4746773302677,25.70092088507655,82.5262569636628,4.212140445154746,2719.8100615972485,123.78159756125496,446.69267078725306,EXTREME,/Volumes/Verbatim/SEIZEL_IT2/SUB1/sub-001_ses-01_task-szMonitoring_run-03_eeg.edf,sub-001_ses-01_task-szMonitoring_run-03_eeg.edf,ses-01,BTEleft SD,256.0,1082.9833333333333
3608320,3610880,14095.0,14105.0,-3.859100716697195e-05,0.0003576380463315679,0.0024239645532921337,6.125182891298541e-05,1.29394238018022e-07,0.00019915412918046678,2796.1230843901108,170.77130877640778,265.74845896745535,63.6899658025315,1913.7711996715511,329.63131064880287,445.68645404135304,EXTREME,/Volumes/Verbatim/SEIZEL_IT2/SUB1/sub-001_ses-01_task-szMonitoring_run-01_eeg.edf,sub-001_ses-01_task-szMonitoring_run-01_eeg.edf,ses-01,BTEleft SD,256.0,1088.65
14849280,14851840,58005.0,58015.0,-0.00014294202216611358,0.00041609919932049524,0.002671932524605173,1.547542894541085e-05,1.93570965376095e-07,8.385747644221438e-05,2403.2730638024836,42.079049546158565,91.78961577266932,6.983601128041234,2619.3755750195573,129.73017680287515,440.36166465451873,EXTREME,/Volumes/Verbatim/SEIZEL_IT2/SUB1/sub-001_ses-01_task-szMonitoring_run-03_eeg.edf,sub-001_ses-01_task-szMonitoring_run-03_eeg.edf,ses-01,BTEleft SD,256.0,1082.9833333333333
2209280,2211840,8630.0,8640.0,-0.0007684424204325455,0.0002442674521423678,0.003055928068970779,6.055530931706341e-05,6.50170341696353e-07,0.00020335952179924462,4093.873281665422,36.74942025955752,47.93573636752856,14.796604470860252,2699.532424325525,35.97248179536998,433.9358770868887,EXTREME,/Volumes/Verbatim/SEIZEL_IT2/SUB10/sub-010_ses-01_task-szMonitoring_run-03_eeg.edf,sub-010_ses-01_task-szMonitoring_run-03_eeg.edf,ses-01,BTEright SD,256.0,149.13333333333333
2197760,2200320,8585.0,8595.0,0.0007912044548237585,0.0001831553699637804,0.002380964568551156,3.471167662079423e-05,6.595503788795301e-07,0.0001055951228920256,5459.8453473567715,18.125342882586576,36.966087203101196,7.541867778150319,2738.494503197739,26.446719715012566,428.66430845631777,EXTREME,/Volumes/Verbatim/SEIZEL_IT2/SUB10/sub-010_ses-01_task-szMonitoring_run-03_eeg.edf,sub-010_ses-01_task-szMonitoring_run-03_eeg.edf,ses-01,BTEright SD,256.0,149.13333333333333
2210560,2213120,8635.0,8645.0,-0.0007986411708259423,0.00012544644853226786,0.002354960280766003,3.979254978255894e-05,6.535645311875906e-07,0.00010951947310678515,7971.528917147837,18.872929968181776,36.54346003348893,8.968153215297116,2713.630948252703,17.451420653459074,424.4976324418722,EXTREME,/Volumes/Verbatim/SEIZEL_IT2/SUB10/sub-010_ses-01_task-szMonitoring_run-03_eeg.edf,sub-010_ses-01_task-szMonitoring_run-03_eeg.edf,ses-01,BTEright SD,256.0,149.13333333333333
12902400,12904960,50400.0,50410.0,0.00020259855943508226,0.0003889969493193216,0.0015889218127718011,7.3619985801956954e-06,1.9236480286490943e-07,1.6068327941690272e-05,2570.714241279052,5.042508095877713,53.348201966468324,1.3788503905122795,2603.0269325643785,121.04372199544967,415.2687003891551,EXTREME,/Volumes/Verbatim/SEIZEL_IT2/SUB1/sub-001_ses-01_task-szMonitoring_run-03_eeg.edf,sub-001_ses-01_task-szMonitoring_run-03_eeg.edf,ses-01,BTEleft SD,256.0,1082.9833333333333
2603520,2606080,10170.0,10180.0,-0.00018066538490882732,0.0004881711008889623,0.002305972686350805,4.3243778133821625e-05,2.709510050473961e-07,0.00014432854597779533,2048.4620989045284,53.90404800894642,74.66661931360099,19.57166943494619,2422.3892882214923,135.94361943338305,414.6668297294028,EXTREME,/Volumes/Verbatim/SEIZEL_IT2/SUB1/sub-001_ses-01_task-szMonitoring_run-07_eeg.edf,sub-001_ses-01_task-szMonitoring_run-07_eeg.edf,ses-01,BTEleft SD,256.0,491.96666666666664
4995840,4998400,19515.0,19525.0,0.0003509685623676757,0.00035779699041929016,0.002647,2.6091322057154577e-05,2.5119761812353474e-07,0.00014806924348659598,2794.880963177619,61.87177456074895,108.31615523616486,11.774807102038656,2345.9345042713153,140.87836755682076,411.65132596028224,EXTREME,/Volumes/Verbatim/SEIZEL_IT2/SUB1/sub-001_ses-01_task-szMonitoring_run-02_eeg.edf,sub-001_ses-01_task-szMonitoring_run-02_eeg.edf,ses-01,BTEleft SD,256.0,330.26666666666665
5918720,5921280,23120.0,23130.0,2.0019771972991614e-05,0.0007696298559516262,0.0030129179217212175,5.2605829137102314e-05,5.927309064419714e-07,0.00022869879272157103,1299.3258914887099,137.5045025455574,104.3961152294634,39.0623071926246,2121.9779436878594,163.45871537422573,411.46082346596415,EXTREME,/Volumes/Verbatim/SEIZEL_IT2/SUB10/sub-010_ses-01_task-szMonitoring_run-09_eeg.edf,sub-010_ses-01_task-szMonitoring_run-09_eeg.edf,ses-01,BTEright SD,256.0,1054.6333333333334
2091520,2094080,8170.0,8180.0,-0.000782209118863012,0.0005224648903455241,0.0028089364614328222,0.00010996482855058369,8.848206672762102e-07,0.00032620986748918123,1914.0042069136189,111.30731542758222,78.64510951834946,46.421935573457404,2232.842277113215,115.50033845809027,410.4473448308064,EXTREME,/Volumes/Verbatim/SEIZEL_IT2/SUB100/sub-100_ses-01_task-szMonitoring_run-05_eeg.edf,sub-100_ses-01_task-szMonitoring_run-05_eeg.edf,ses-01,BTEleft SD,256.0,138.25
2086400,2088960,8150.0,8160.0,0.0007613982930161366,0.0005410731885598656,0.0026499920805676353,0.00012853513870808537,8.724875559862265e-07,0.0003461042393932621,1848.1788033397977,118.35750898124984,73.97915678024663,54.997130311465924,2201.6912021934477,119.76014346003092,409.45008023680015,EXTREME,/Volumes/Verbatim/SEIZEL_IT2/SUB100/sub-100_ses-01_task-szMonitoring_run-05_eeg.edf,sub-100_ses-01_task-szMonitoring_run-05_eeg.edf,ses-01,BTEleft SD,256.0,138.25
14356480,14359040,56080.0,56090.0,0.0001661521968521113,0.0003925735647067824,0.0024109557335774776,1.2042678172922864e-05,1.81720556225373e-07,5.523888279356816e-05,2547.2932651479423,26.44330616595317,82.5262569636628,4.612259838622904,2458.7520269022257,122.19005146718635,407.7146697005932,EXTREME,/Volumes/Verbatim/SEIZEL_IT2/SUB1/sub-001_ses-01_task-szMonitoring_run-03_eeg.edf,sub-001_ses-01_task-szMonitoring_run-03_eeg.edf,ses-01,BTEleft SD,256.0,1082.9833333333333
9921280,9923840,38755.0,38765.0,-0.00017832235008010975,0.0007770851414494906,0.0025529616845960173,2.288074430647746e-05,6.356601775996681e-07,0.00013170877458185823,1286.8602748572027,77.58100599748718,88.02416154798664,14.752183415864122,2275.7489732251975,165.06800392720305,405.5777674683906,EXTREME,/Volumes/Verbatim/SEIZEL_IT2/SUB10/sub-010_ses-01_task-szMonitoring_run-09_eeg.edf,sub-010_ses-01_task-szMonitoring_run-09_eeg.edf,ses-01,BTEright SD,256.0,1054.6333333333334
5920000,5922560,23125.0,23135.0,0.000391290894798581,0.0006623294535844279,0.0030129179217212175,4.1556036135271235e-05,5.917888694377209e-07,0.0002208213865844565,1509.8226314386702,132.63759223335228,104.3961152294634,30.025433551633597,2118.6036026823076,140.2969854433119,405.12770598457007,EXTREME,/Volumes/Verbatim/SEIZEL_IT2/SUB10/sub-010_ses-01_task-szMonitoring_run-09_eeg.edf,sub-010_ses-01_task-szMonitoring_run-09_eeg.edf,ses-01,BTEright SD,256.0,1054.6333333333334
14885120,14887680,58145.0,58155.0,5.858968855501818e-05,0.0004172384644135896,0.002347979446097505,1.3245640449759669e-05,1.775206877911843e-07,6.087521980708227e-05,2396.7109528330407,29.522713918466145,80.29091662903427,5.443265147699935,2401.825910601485,130.09531898643604,400.76320471567635,EXTREME,/Volumes/Verbatim/SEIZEL_IT2/SUB1/sub-001_ses-01_task-szMonitoring_run-03_eeg.edf,sub-001_ses-01_task-szMonitoring_run-03_eeg.edf,ses-01,BTEleft SD,256.0,1082.9833333333333
2211840,2214400,8640.0,8650.0,-0.0007476361241488327,0.0001434067550342693,0.002354960280766003,3.6561510786221104e-05,5.795252715217475e-07,0.00010278593733123455,6973.172168827487,17.590194200292796,36.54346003348893,8.06114693495741,2406.0923512933437,20.25095882217013,378.0164379400103,EXTREME,/Volumes/Verbatim/SEIZEL_IT2/SUB10/sub-010_ses-01_task-szMonitoring_run-03_eeg.edf,sub-010_ses-01_task-szMonitoring_run-03_eeg.edf,ses-01,BTEright SD,256.0,149.13333333333333
4999680,5002240,19530.0,19540.0,-0.0005030856335831998,8.725578910124462e-05,0.0006300130617227437,2.045716036755169e-05,2.607087274494904e-07,2.5681733502348816e-05,11460.557503859403,7.856289259494289,23.043992226510987,8.445462989651237,2434.987634630767,30.750014028255148,377.370738881496,EXTREME,/Volumes/Verbatim/SEIZEL_IT2/SUB1/sub-001_ses-01_task-szMonitoring_run-02_eeg.edf,sub-001_ses-01_task-szMonitoring_run-02_eeg.edf,ses-01,BTEleft SD,256.0,330.26666666666665
3616000,3618560,14125.0,14135.0,0.00010791548185130071,0.000316316739678393,0.0025929604180971993,2.9861792935072858e-05,1.1170203102396667e-07,0.00011858379097412661,3161.388163823819,99.66516689020047,284.7783491238077,28.479229386742333,1651.0144573832847,290.54877360165256,374.2413700813381,EXTREME,/Volumes/Verbatim/SEIZEL_IT2/SUB1/sub-001_ses-01_task-szMonitoring_run-01_eeg.edf,sub-001_ses-01_task-szMonitoring_run-01_eeg.edf,ses-01,BTEleft SD,256.0,1088.65
2092800,2095360,8175.0,8185.0,-0.0008621188793917371,0.0003208142569404903,0.002507915266651408,6.959085665698672e-05,8.461707496599435e-07,0.00022215157233307077,3117.068444587322,74.4310005958099,69.80836637353431,27.77848436569074,2135.219994219767,69.33854725457032,372.78507421480055,EXTREME,/Volumes/Verbatim/SEIZEL_IT2/SUB100/sub-100_ses-01_task-szMonitoring_run-05_eeg.edf,sub-100_ses-01_task-szMonitoring_run-05_eeg.edf,ses-01,BTEleft SD,256.0,138.25
7246080,7248640,28305.0,28315.0,-0.0004770268169203478,0.0005827120713546992,0.003251993957427329,1.9157756494621194e-05,5.67107942163643e-07,0.00014100429239664967,1716.113407362695,83.3240704939264,112.90592870083961,11.707405073218299,2030.1974524141199,123.11087742947053,370.92679703275087,EXTREME,/Volumes/Verbatim/SEIZEL_IT2/SUB10/sub-010_ses-01_task-szMonitoring_run-09_eeg.edf,sub-010_ses-01_task-szMonitoring_run-09_eeg.edf,ses-01,BTEright SD,256.0,1054.6333333333334
2191360,2193920,8560.0,8570.0,1.8999782582780292e-05,0.0007185787257263624,0.002446948577096208,7.452411331969558e-05,5.167163768047156e-07,0.0002225892131686812,1391.6359652834587,40.41266847672844,38.03847322657032,18.717879631445495,2145.2015827332234,109.90510171476673,358.2664521199183,EXTREME,/Volumes/Verbatim/SEIZEL_IT2/SUB10/sub-010_ses-01_task-szMonitoring_run-03_eeg.edf,sub-010_ses-01_task-szMonitoring_run-03_eeg.edf,ses-01,BTEright SD,256.0,149.13333333333333
2094080,2096640,8180.0,8190.0,-0.000859386980609121,0.00028305881039414446,0.002387950102998398,6.261448570539597e-05,8.1866827258221e-07,0.0002017286233136128,3532.8347316754353,67.19348919217875,66.28668299739479,24.557012081863,2065.7540092153617,60.69558387360547,357.6191200027789,EXTREME,/Volumes/Verbatim/SEIZEL_IT2/SUB100/sub-100_ses-01_task-szMonitoring_run-05_eeg.edf,sub-100_ses-01_task-szMonitoring_run-05_eeg.edf,ses-01,BTEleft SD,256.0,138.25
15242240,15244800,59540.0,59550.0,-0.00011599299582284265,0.0006762923117953519,0.0033919080796520947,5.992376015678645e-05,4.7082566607345956e-07,0.00026899155927082523,1478.6505495924557,162.3986463300075,117.88611451757161,45.04714491107011,1685.3179722524517,143.3109904592328,356.55497298502195,EXTREME,/Volumes/Verbatim/SEIZEL_IT2/SUB10/sub-010_ses-01_task-szMonitoring_run-09_eeg.edf,sub-010_ses-01_task-szMonitoring_run-09_eeg.edf,ses-01,BTEright SD,256.0,1054.6333333333334
2287360,2289920,8935.0,8945.0,-0.0001238044007555599,0.0006563059444282882,0.003065960433356222,0.0002505207103551537,4.4606502233835066e-07,0.0004782909018559873,1523.6796298522422,89.12373394396445,48.098784469432715,68.12304589855252,1851.7354064920241,100.19841724942495,342.21782565273065,EXTREME,/Volumes/Verbatim/SEIZEL_IT2/SUB10/sub-010_ses-01_task-szMonitoring_run-03_eeg.edf,sub-010_ses-01_task-szMonitoring_run-03_eeg.edf,ses-01,BTEright SD,256.0,149.13333333333333
7142400,7144960,27900.0,27910.0,2.359521200503631e-06,0.0007324215662667543,0.002509948455024033,1.552681191348135e-05,5.364469180729414e-07,8.621036869789866e-05,1365.3339069899225,49.47065381668058,86.49312327650959,8.737902624460718,1920.3708209817573,155.42698075012834,339.9592552383087,EXTREME,/Volumes/Verbatim/SEIZEL_IT2/SUB10/sub-010_ses-01_task-szMonitoring_run-09_eeg.edf,sub-010_ses-01_task-szMonitoring_run-09_eeg.edf,ses-01,BTEright SD,256.0,1054.6333333333334
7141120,7143680,27895.0,27905.0,-0.0003628919701304645,0.0006214476628627445,0.002509948455024033,2.408834644655528e-05,5.178877796627373e-07,0.0001208341083358879,1609.1459637715593,70.86229372430121,86.49312327650959,15.73979901614416,1853.8926874448598,131.47229350462416,336.4795197292275,EXTREME,/Volumes/Verbatim/SEIZEL_IT2/SUB10/sub-010_ses-01_task-szMonitoring_run-09_eeg.edf,sub-010_ses-01_task-szMonitoring_run-09_eeg.edf,ses-01,BTEright SD,256.0,1054.6333333333334
2286080,2288640,8930.0,8940.0,1.2335719045644677e-06,0.0006409022761588033,0.00302997369344625,0.0003351760962236305,4.107572492851788e-07,0.0005503570727314288,1560.3002760937595,102.85230955685174,47.51392038250288,91.88721796033144,1705.076687380853,97.79739156237552,329.41977827683047,EXTREME,/Volumes/Verbatim/SEIZEL_IT2/SUB10/sub-010_ses-01_task-szMonitoring_run-03_eeg.edf,sub-010_ses-01_task-szMonitoring_run-03_eeg.edf,ses-01,BTEright SD,256.0,149.13333333333333
9922560,9925120,38760.0,38770.0,0.0001529592379549097,0.0006914239006754643,0.0025239452506294344,1.0928603799496453e-05,5.014635389010209e-07,8.618439869467116e-05,1446.2907596581367,49.45460872844774,86.99133347749085,4.977341164696254,1795.0616767337583,146.57727620779326,319.6198271142372,EXTREME,/Volumes/Verbatim/SEIZEL_IT2/SUB10/sub-010_ses-01_task-szMonitoring_run-09_eeg.edf,sub-010_ses-01_task-szMonitoring_run-09_eeg.edf,ses-01,BTEright SD,256.0,1054.6333333333334
7139840,7142400,27890.0,27900.0,-0.00017547357318608366,0.0006354264876653668,0.002378970748455024,5.134338378347448e-05,4.3455779611343645e-07,0.00020091789616654576,1573.7461655090488,120.34058721955617,81.83102551117334,38.02983906064236,1555.4078304661484,134.48974504895196,312.85152751602527,EXTREME,/Volumes/Verbatim/SEIZEL_IT2/SUB10/sub-010_ses-01_task-szMonitoring_run-09_eeg.edf,sub-010_ses-01_task-szMonitoring_run-09_eeg.edf,ses-01,BTEright SD,256.0,1054.6333333333334
2095360,2097920,8185.0,8195.0,-0.0008484441803401808,0.00014668231279483377,0.00247893765163653,3.517894626916914e-05,7.413732280399626e-07,0.00010994255257434799,6817.454498288808,34.666221311472015,68.9577028811455,11.888128718441125,1870.5215437937754,29.476324598570788,311.8282078078559,EXTREME,/Volumes/Verbatim/SEIZEL_IT2/SUB100/sub-100_ses-01_task-szMonitoring_run-05_eeg.edf,sub-100_ses-01_task-szMonitoring_run-05_eeg.edf,ses-01,BTEleft SD,256.0,138.25
2085120,2087680,8145.0,8155.0,0.0008514804178945412,0.00013509747580454657,0.002337942092011902,3.308200984564546e-05,7.432702300266226e-07,0.00010207166971011554,7402.062745011578,31.876927540418013,64.8186536495223,10.919828349064966,1875.3130071658272,26.824327839412067,310.284004897679,EXTREME,/Volumes/Verbatim/SEIZEL_IT2/SUB100/sub-100_ses-01_task-szMonitoring_run-05_eeg.edf,sub-100_ses-01_task-szMonitoring_run-05_eeg.edf,ses-01,BTEleft SD,256.0,138.25
13027840,13030400,50890.0,50900.0,0.00021461400806820796,0.000592072735256887,0.0032419808651865415,4.079981803616388e-05,3.9660929629367256e-07,0.0002184879676973971,1688.9816719514047,131.1959323460174,112.54951678782994,29.406974237008328,1419.4777359335194,125.13145856890162,299.7446807729918,EXTREME,/Volumes/Verbatim/SEIZEL_IT2/SUB10/sub-010_ses-01_task-szMonitoring_run-09_eeg.edf,sub-010_ses-01_task-szMonitoring_run-09_eeg.edf,ses-01,BTEright SD,256.0,1054.6333333333334
5136640,5139200,20065.0,20075.0,-0.0004870111956218529,9.059181333888582e-05,0.0005470187228198671,1.984874849794003e-05,2.453867813050542e-07,2.4971355640526894e-05,11038.524918589228,11.206690769480096,23.00430264104404,11.720437137835129,1876.9463926430112,30.044523579930914,295.41370097953865,EXTREME,/Volumes/Verbatim/SEIZEL_IT2/SUB1/sub-001_ses-01_task-szMonitoring_run-06_eeg.edf,sub-001_ses-01_task-szMonitoring_run-06_eeg.edf,ses-01,BTEleft SD,256.0,336.53333333333336
5809920,5812480,22695.0,22705.0,-4.112191548409237e-05,0.0006669407393322897,0.0023649739528496224,2.0915094558251317e-05,4.4650096171418216e-07,0.0001107735324540454,1499.38358766593,64.64655219037586,81.33281531019206,13.144612270031633,1598.1877990245553,141.29237178641944,295.3791858150015,EXTREME,/Volumes/Verbatim/SEIZEL_IT2/SUB10/sub-010_ses-01_task-szMonitoring_run-09_eeg.edf,sub-010_ses-01_task-szMonitoring_run-09_eeg.edf,ses-01,BTEright SD,256.0,1054.6333333333334
7476480,7479040,29205.0,29215.0,0.00035923310182536057,0.0005704245903112297,0.0026079798580910963,1.422819695582513e-05,4.5443263467880416e-07,9.425526381211317e-05,1753.0801007391867,54.44104410892481,89.98251087645917,7.67585383506752,1626.5987523166127,120.4585172222262,294.6217029501435,EXTREME,/Volumes/Verbatim/SEIZEL_IT2/SUB10/sub-010_ses-01_task-szMonitoring_run-09_eeg.edf,sub-010_ses-01_task-szMonitoring_run-09_eeg.edf,ses-01,BTEright SD,256.0,1054.6333333333334
2602240,2604800,10165.0,10175.0,5.180379949645227e-05,0.000419393667441039,0.002305972686350805,5.230536354619668e-05,1.7857468193191346e-07,0.00015179151911945475,2384.39460404154,56.870329472936376,74.66661931360099,24.43598640278865,1595.7699113930278,116.27222506140232,290.71784567390006,EXTREME,/Volumes/Verbatim/SEIZEL_IT2/SUB1/sub-001_ses-01_task-szMonitoring_run-07_eeg.edf,sub-001_ses-01_task-szMonitoring_run-07_eeg.edf,ses-01,BTEleft SD,256.0,491.96666666666664
9920000,9922560,38750.0,38760.0,-6.0947127346074506e-05,0.0006403969244611065,0.0026529311055161365,2.7572278410391397e-05,4.1382277319098283e-07,0.00012589362299292466,1561.5315443308345,73.98822167957925,91.58253209884133,18.58906985097151,1481.1357607039217,135.56265728564264,283.6568278119678,EXTREME,/Volumes/Verbatim/SEIZEL_IT2/SUB10/sub-010_ses-01_task-szMonitoring_run-09_eeg.edf,sub-010_ses-01_task-szMonitoring_run-09_eeg.edf,ses-01,BTEright SD,256.0,1054.6333333333334
2096640,2099200,8190.0,8200.0,-0.000804518689345388,0.00010864007528120967,0.00247893765163653,3.08697889069295e-05,6.590529874631276e-07,7.637358518966716e-05,9204.70634990671,22.770006713703882,68.9577028811455,9.89829315702478,1662.596396494982,20.767709131485457,275.20693194482624,EXTREME,/Volumes/Verbatim/SEIZEL_IT2/SUB100/sub-100_ses-01_task-szMonitoring_run-05_eeg.edf,sub-100_ses-01_task-szMonitoring_run-05_eeg.edf,ses-01,BTEleft SD,256.0,138.25
12602880,12605440,49230.0,49240.0,-6.332580366168921e-06,0.0005075520447297361,0.002464981918059052,2.0952108010032804e-05,2.5764917968343e-07,8.446446622296914e-05,1970.241295278879,31.4496645499706,107.13196315642419,7.454779051951533,1491.5554813973145,138.35073113985075,271.4931263577471,EXTREME,/Volumes/Verbatim/SEIZEL_IT2/SUB1/sub-001_ses-01_task-szMonitoring_run-05_eeg.edf,sub-001_ses-01_task-szMonitoring_run-05_eeg.edf,ses-01,BTEleft SD,256.0,1041.85
7354880,7357440,28730.0,28740.0,5.8530790083543224e-05,0.0006377133802528563,0.0024499775692378117,1.3666369449530787e-05,4.101042087413277e-07,8.283862546089724e-05,1568.1025824413357,47.38748435142294,84.35848418461292,7.216373355969521,1467.8160031491304,134.98339080725188,268.57133058420925,EXTREME,/Volumes/Verbatim/SEIZEL_IT2/SUB10/sub-010_ses-01_task-szMonitoring_run-09_eeg.edf,sub-010_ses-01_task-szMonitoring_run-09_eeg.edf,ses-01,BTEright SD,256.0,1054.6333333333334
5603840,5606400,21890.0,21900.0,-0.0003514907959129662,0.0007722402507981766,0.0032229813687342642,3.521545026035707e-05,7.199007845643613e-07,0.00019042333463282146,1294.9337951129592,27.579460232877892,91.92512832106436,4.666669942991827,1462.5083445818066,129.77994317666568,261.325416739256,EXTREME,/Volumes/Verbatim/SEIZEL_IT2/SUB10/sub-010_ses-01_task-szMonitoring_run-02_eeg.edf,sub-010_ses-01_task-szMonitoring_run-02_eeg.edf,ses-01,BTEright SD,256.0,951.8333333333334
13497600,13500160,52725.0,52735.0,-0.00011040023186560622,0.0004779660762996176,0.002542919356069276,1.976329051866369e-05,2.406397812892315e-07,0.0001005899481754036,2092.198688345701,38.04754205766266,110.63580120671327,6.861429171128218,1392.8869552189562,130.08557324154938,258.7576864027486,EXTREME,/Volumes/Verbatim/SEIZEL_IT2/SUB1/sub-001_ses-01_task-szMonitoring_run-05_eeg.edf,sub-001_ses-01_task-szMonitoring_run-05_eeg.edf,ses-01,BTEleft SD,256.0,1041.85
3612160,3614720,14110.0,14120.0,0.0001412536486586365,0.00021974296668190335,0.0026169999999999995,2.34053669675555e-05,6.823956466554158e-08,8.011893042996218e-05,4550.771342305639,65.71858192636438,287.48534200521703,21.23694673723299,1005.5293533490415,199.20732371484448,255.49609679655822,EXTREME,/Volumes/Verbatim/SEIZEL_IT2/SUB1/sub-001_ses-01_task-szMonitoring_run-01_eeg.edf,sub-001_ses-01_task-szMonitoring_run-01_eeg.edf,ses-01,BTEleft SD,256.0,1088.65
14046720,14049280,54870.0,54880.0,-1.1571690520809569e-05,0.00048235899354880557,0.0023289627679865723,2.9695312023155563e-05,2.3280410267892602e-07,0.00011841343101513562,2073.1447144162644,45.34017100877749,101.01694211186,11.818593596121614,1347.433562796222,131.312781834855,253.68247959758725,EXTREME,/Volumes/Verbatim/SEIZEL_IT2/SUB1/sub-001_ses-01_task-szMonitoring_run-05_eeg.edf,sub-001_ses-01_task-szMonitoring_run-05_eeg.edf,ses-01,BTEleft SD,256.0,1041.85
5000960,5003520,19535.0,19545.0,-0.00041006184519722273,7.437026153256668e-05,0.0004840009308003357,1.9694329658054857e-05,1.736816526869735e-07,2.4760795653012022e-05,13446.234636621068,7.449835162416708,16.871036917223307,7.994690350999717,1620.1475178760943,25.50474296206657,253.15318973811125,EXTREME,/Volumes/Verbatim/SEIZEL_IT2/SUB1/sub-001_ses-01_task-szMonitoring_run-02_eeg.edf,sub-001_ses-01_task-szMonitoring_run-02_eeg.edf,ses-01,BTEleft SD,256.0,330.26666666666665
3756800,3759360,14675.0,14685.0,-0.00010796359425068675,0.00040338514776490413,0.0021889540856031126,1.8531361974994276e-05,1.7437571512084044e-07,8.206050039744281e-05,2479.020368156408,45.511846997677694,102.1828884088195,10.682320224052166,1332.6379658173212,146.68314049120661,253.06619709748034,EXTREME,/Volumes/Verbatim/SEIZEL_IT2/SUB1/sub-001_ses-01_task-szMonitoring_run-06_eeg.edf,sub-001_ses-01_task-szMonitoring_run-06_eeg.edf,ses-01,BTEleft SD,256.0,336.53333333333336
8537600,8540160,33350.0,33360.0,-9.07466878683624e-05,0.0004765784687137006,0.0023319336995498586,1.9051717593652242e-05,2.3536199820057365e-07,9.483557769847334e-05,2098.2903415690166,35.69309264321067,101.15050645939324,6.506276497721302,1362.2714644897515,129.69793016589426,251.33445170659877,EXTREME,/Volumes/Verbatim/SEIZEL_IT2/SUB1/sub-001_ses-01_task-szMonitoring_run-05_eeg.edf,sub-001_ses-01_task-szMonitoring_run-05_eeg.edf,ses-01,BTEleft SD,256.0,1041.85
7700480,7703040,30080.0,30090.0,-9.565744144350334e-05,0.0003379536337268996,0.002598975204089418,1.4682298008697644e-05,1.233630046527327e-07,9.238888448683418e-05,2958.9857816090666,63.28585080664227,213.1790708790195,9.425340763445881,1083.3539592722984,198.84532592283077,249.0585565939457,EXTREME,/Volumes/Verbatim/SEIZEL_IT2/SUB1/sub-001_ses-01_task-szMonitoring_run-09_eeg.edf,sub-001_ses-01_task-szMonitoring_run-09_eeg.edf,ses-01,BTEleft SD,256.0,810.95
8428800,8431360,32925.0,32935.0,0.00015942070992599387,0.0003212561458048044,0.0025799563591973754,1.4120772869459068e-05,1.2862047397066558e-07,6.45086903064839e-05,3112.780906905421,42.9415874937697,211.57713357906323,8.906260652157064,1129.7020002839006,188.72447926402708,247.45398243805127,EXTREME,/Volumes/Verbatim/SEIZEL_IT2/SUB1/sub-001_ses-01_task-szMonitoring_run-09_eeg.edf,sub-001_ses-01_task-szMonitoring_run-09_eeg.edf,ses-01,BTEleft SD,256.0,810.95
2097920,2100480,8195.0,8205.0,-0.0007770743858362897,8.010946390397132e-05,0.0008939810482948041,2.7544361767566945e-05,6.102621273298284e-07,3.7866219893220385e-05,12482.919480222696,9.123716200453538,22.429901376737146,8.362713779769571,1539.3600367739216,14.236491733028373,241.67947839085116,EXTREME,/Volumes/Verbatim/SEIZEL_IT2/SUB100/sub-100_ses-01_task-szMonitoring_run-05_eeg.edf,sub-100_ses-01_task-szMonitoring_run-05_eeg.edf,ses-01,BTEleft SD,256.0,138.25
2083840,2086400,8140.0,8150.0,0.000768701595563201,9.916112736973979e-05,0.000663025131609064,2.390604666757267e-05,6.007350722026489e-07,3.198792811112217e-05,10084.5968217639,7.04055946504411,15.649986377697948,6.682652421823724,1515.2965218137872,18.597791750470222,236.08498101978483,EXTREME,/Volumes/Verbatim/SEIZEL_IT2/SUB100/sub-100_ses-01_task-szMonitoring_run-05_eeg.edf,sub-100_ses-01_task-szMonitoring_run-05_eeg.edf,ses-01,BTEleft SD,256.0,138.25
11796480,11799040,46080.0,46090.0,0.00021590230736080905,0.00040686714846543384,0.0027299394979781793,2.3212182302395663e-05,2.121546828241146e-07,0.00011504878556763139,2457.804719092852,43.9634978287182,119.04367688393171,8.5828031782461,1227.6499128226117,110.22332447529828,236.0823396234085,EXTREME,/Volumes/Verbatim/SEIZEL_IT2/SUB1/sub-001_ses-01_task-szMonitoring_run-05_eeg.edf,sub-001_ses-01_task-szMonitoring_run-05_eeg.edf,ses-01,BTEleft SD,256.0,1041.85
14519040,14521600,56715.0,56725.0,0.00014016065082708657,0.0004363347546443482,0.002711965362020294,2.2439024441853587e-05,2.1003302615081604e-07,8.271526095309471e-05,2291.818350622267,30.73396239976612,118.23561258135551,8.1969128900052,1215.342555903848,118.45541660805911,230.19031698057339,EXTREME,/Volumes/Verbatim/SEIZEL_IT2/SUB1/sub-001_ses-01_task-szMonitoring_run-05_eeg.edf,sub-001_ses-01_task-szMonitoring_run-05_eeg.edf,ses-01,BTEleft SD,256.0,1041.85
4440320,4442880,17345.0,17355.0,0.00023794405043583568,0.00017276541079287884,0.0007929468070496681,5.660966510023269e-06,8.646525830424368e-08,8.329322049244246e-06,5788.19562100114,2.361741268683039,82.08663629589161,1.3327514121301762,1276.2092005867805,154.77499044359467,224.41936611801995,EXTREME,/Volumes/Verbatim/SEIZEL_IT2/SUB1/sub-001_ses-01_task-szMonitoring_run-01_eeg.edf,sub-001_ses-01_task-szMonitoring_run-01_eeg.edf,ses-01,BTEleft SD,256.0,1088.65
10122240,10124800,39540.0,39550.0,-0.0001975952550998513,0.0004160759211494623,0.002273951018539711,1.2874559008306627e-05,2.1216305699834886e-07,5.838880638666059e-05,2403.4075195554847,20.78058749294436,98.54377561003587,3.423199122891915,1227.6984899333656,112.7958939844842,223.10096345756932,EXTREME,/Volumes/Verbatim/SEIZEL_IT2/SUB1/sub-001_ses-01_task-szMonitoring_run-05_eeg.edf,sub-001_ses-01_task-szMonitoring_run-05_eeg.edf,ses-01,BTEleft SD,256.0,1041.85
2099200,2101760,8200.0,8210.0,-0.0007450411715352482,7.838035848756963e-05,0.0008309979858091096,2.5866495855029755e-05,5.612298278792552e-07,3.599333201901791e-05,12758.298208093705,8.459999744306662,20.580977927795043,7.5879272079653,1415.5138476201946,13.840665536735266,222.30592463436213,EXTREME,/Volumes/Verbatim/SEIZEL_IT2/SUB100/sub-100_ses-01_task-szMonitoring_run-05_eeg.edf,sub-100_ses-01_task-szMonitoring_run-05_eeg.edf,ses-01,BTEleft SD,256.0,138.25
8435200,8437760,32950.0,32960.0,4.03446211351753e-06,0.0004472417284596914,0.002502960326543068,2.308268759656099e-05,2.0004144056015776e-07,9.357289140716807e-05,2235.927316550025,35.17645385342142,108.83936073239096,8.518171164642595,1157.3831265596905,121.5023968341544,221.54097389547323,EXTREME,/Volumes/Verbatim/SEIZEL_IT2/SUB1/sub-001_ses-01_task-szMonitoring_run-05_eeg.edf,sub-001_ses-01_task-szMonitoring_run-05_eeg.edf,ses-01,BTEleft SD,256.0,1041.85
4439040,4441600,17340.0,17350.0,0.00021671830009727615,0.00019286396538346844,0.0007359626153963531,8.226730778400853e-06,8.416333074048875e-08,1.1614312687816875e-05,5185.001733354978,5.260860418996191,75.66989403381342,4.210812763269189,1242.0220023565628,173.7846144851069,221.4992043080603,EXTREME,/Volumes/Verbatim/SEIZEL_IT2/SUB1/sub-001_ses-01_task-szMonitoring_run-01_eeg.edf,sub-001_ses-01_task-szMonitoring_run-01_eeg.edf,ses-01,BTEleft SD,256.0,1088.65
13655040,13657600,53340.0,53350.0,-1.753591300211727e-05,0.0004399161889635139,0.002827930724040589,2.410740753986419e-05,1.9383376155699983e-07,0.00010321471251970409,2273.1602582822397,39.12148661828634,123.44907428007025,9.029618431065296,1121.3734733059432,119.45592873326525,220.33987272784532,EXTREME,/Volumes/Verbatim/SEIZEL_IT2/SUB1/sub-001_ses-01_task-szMonitoring_run-05_eeg.edf,sub-001_ses-01_task-szMonitoring_run-05_eeg.edf,ses-01,BTEleft SD,256.0,1041.85
15191040,15193600,59340.0,59350.0,0.00010271590753032722,0.000435792832553996,0.0023709519340810252,1.6962820022220948e-05,2.004659505652139e-07,7.871570677458303e-05,2294.66829879867,29.097510935367307,102.90465155699667,5.4636882669295,1159.8456343789642,118.30402485436623,217.66504443444504,EXTREME,/Volumes/Verbatim/SEIZEL_IT2/SUB1/sub-001_ses-01_task-szMonitoring_run-05_eeg.edf,sub-001_ses-01_task-szMonitoring_run-05_eeg.edf,ses-01,BTEleft SD,256.0,1041.85
13496320,13498880,52720.0,52730.0,-2.489349464980552e-05,0.00043788774184019526,0.002542919356069276,2.132457694957847e-05,1.9236536052978536e-07,0.00010066495623208779,2283.6903209801526,38.078232239298906,110.63580120671327,7.640681768301445,1112.855537407431,118.8892602531652,215.79993451518874,EXTREME,/Volumes/Verbatim/SEIZEL_IT2/SUB1/sub-001_ses-01_task-szMonitoring_run-05_eeg.edf,sub-001_ses-01_task-szMonitoring_run-05_eeg.edf,ses-01,BTEleft SD,256.0,1041.85
11795200,11797760,46075.0,46085.0,0.00016223136485990302,0.0003995030112184204,0.0027299394979781793,2.4981801440785457e-05,1.859216717168923e-07,0.00012602600218310813,2503.1100377617922,48.454918973087985,119.04367688393171,9.46603656982162,1075.4768327886372,108.16607367835064,214.79929661746212,EXTREME,/Volumes/Verbatim/SEIZEL_IT2/SUB1/sub-001_ses-01_task-szMonitoring_run-05_eeg.edf,sub-001_ses-01_task-szMonitoring_run-05_eeg.edf,ses-01,BTEleft SD,256.0,1041.85
4743680,4746240,18530.0,18540.0,0.00013674172511587304,0.0003828435717689061,0.0011769614557106888,5.246176881866558e-06,1.652674998324385e-07,9.789951944810608e-06,2612.0328800808284,2.0841083983053634,53.38185332637345,0.21342965344394166,1262.822391974805,139.02331929409684,214.77418526100078,EXTREME,/Volumes/Verbatim/SEIZEL_IT2/SUB1/sub-001_ses-01_task-szMonitoring_run-06_eeg.edf,sub-001_ses-01_task-szMonitoring_run-06_eeg.edf,ses-01,BTEleft SD,256.0,336.53333333333336
5132800,5135360,20050.0,20060.0,0.0002956535857926583,0.000249842377114685,0.0021359626459143966,6.3188657659075306e-06,1.4983225619437325e-07,6.222647495474376e-05,4002.5235412263437,33.59348065425107,99.62749716294327,1.0587217938704894,1144.5093791760441,89.42803165639032,212.51417206239626,EXTREME,/Volumes/Verbatim/SEIZEL_IT2/SUB1/sub-001_ses-01_task-szMonitoring_run-06_eeg.edf,sub-001_ses-01_task-szMonitoring_run-06_eeg.edf,ses-01,BTEleft SD,256.0,336.53333333333336
7014400,7016960,27400.0,27410.0,8.272540734435796e-05,0.0006668497717216498,0.0025189883268482488,1.4338019820038908e-05,4.5153211106550625e-07,8.150035485310078e-05,1499.5881245016346,47.06120146525158,109.12745257881976,7.674562603809452,1002.2531930978956,220.68159277480765,212.237961791529,EXTREME,/Volumes/Verbatim/SEIZEL_IT2/SUB100/sub-100_ses-01_task-szMonitoring_run-09_eeg.edf,sub-100_ses-01_task-szMonitoring_run-09_eeg.edf,ses-01,BTEleft SD,256.0,762.8833333333333
10120960,10123520,39535.0,39545.0,-0.00014626628092932216,0.0004212210060124012,0.002273951018539711,1.380413564197566e-05,1.988209608429947e-07,5.860788250450125e-05,2374.0506369630302,20.870224341916504,98.54377561003587,3.8871594774526868,1150.303338542959,114.23322867551497,211.75958918616382,EXTREME,/Volumes/Verbatim/SEIZEL_IT2/SUB1/sub-001_ses-01_task-szMonitoring_run-05_eeg.edf,sub-001_ses-01_task-szMonitoring_run-05_eeg.edf,ses-01,BTEleft SD,256.0,1041.85
4742400,4744960,18525.0,18535.0,0.0002368550457413022,0.00032219125879564517,0.0010679813229571983,5.594888579337376e-06,1.5990751993743673e-07,1.2389538192046944e-05,3103.7465157629217,3.64621294059338,48.12653513066875,0.48821879457540135,1221.7374966023383,116.40646298974929,205.90039610358218,EXTREME,/Volumes/Verbatim/SEIZEL_IT2/SUB1/sub-001_ses-01_task-szMonitoring_run-06_eeg.edf,sub-001_ses-01_task-szMonitoring_run-06_eeg.edf,ses-01,BTEleft SD,256.0,336.53333333333336
7930880,7933440,30980.0,30990.0,9.508915426871152e-05,0.00030008897070719025,0.0023819601739528493,1.1436519417105364e-05,9.909533759963967e-08,7.414746691958606e-05,3332.3450519059497,49.97503238882404,194.90012316162395,6.424906776060776,869.4185542674259,175.8944215713656,205.7584926208758,EXTREME,/Volumes/Verbatim/SEIZEL_IT2/SUB1/sub-001_ses-01_task-szMonitoring_run-09_eeg.edf,sub-001_ses-01_task-szMonitoring_run-09_eeg.edf,ses-01,BTEleft SD,256.0,810.95
7929600,7932160,30975.0,30985.0,8.492882124055861e-05,0.0002999732511245029,0.0023819601739528493,1.204918898298619e-05,9.719685606751483e-08,7.420359789755969e-05,3333.6305584504357,50.01599133582841,194.90012316162395,6.991265366651979,852.6821941310842,175.82428047246117,203.36863184010386,EXTREME,/Volumes/Verbatim/SEIZEL_IT2/SUB1/sub-001_ses-01_task-szMonitoring_run-09_eeg.edf,sub-001_ses-01_task-szMonitoring_run-09_eeg.edf,ses-01,BTEleft SD,256.0,810.95
8430080,8432640,32930.0,32940.0,7.733679865720621e-05,0.0003004200567558453,0.0025799563591973754,1.1669813076981768e-05,9.623319092773053e-08,6.247267035572152e-05,3328.6725509277117,41.45589748312533,211.57713357906323,6.640566041282325,844.1868537459624,176.09510272441932,202.39064237749926,EXTREME,/Volumes/Verbatim/SEIZEL_IT2/SUB1/sub-001_ses-01_task-szMonitoring_run-09_eeg.edf,sub-001_ses-01_task-szMonitoring_run-09_eeg.edf,ses-01,BTEleft SD,256.0,810.95
1975040,1977600,7715.0,7725.0,-0.00035703743109597927,0.000899000287333051,0.0024749675745784692,0.0002453973355423152,9.356772438285244e-07,0.00047825145275823884,1112.3466955213387,192.39290018496177,87.12942463643128,120.80653143710815,416.1002318045352,301.18974401849687,201.45871545197448,EXTREME,/Volumes/Verbatim/SEIZEL_IT2/SUB100/sub-100_ses-01_task-szMonitoring_run-02_eeg.edf,sub-100_ses-01_task-szMonitoring_run-02_eeg.edf,ses-01,BTEleft SD,256.0,131.36666666666667
4687360,4689920,18310.0,18320.0,-0.00013899299172794125,0.00040599504445608706,0.002295935912108034,1.0574388745040818e-05,1.8415102787238362e-07,6.073627985026954e-05,2463.084244973037,21.741076141354103,99.53215178178196,2.2751627241253463,1065.2056395062198,109.97969285789767,198.74965476237813,EXTREME,/Volumes/Verbatim/SEIZEL_IT2/SUB1/sub-001_ses-01_task-szMonitoring_run-05_eeg.edf,sub-001_ses-01_task-szMonitoring_run-05_eeg.edf,ses-01,BTEleft SD,256.0,1041.85
2100480,2103040,8205.0,8215.0,-0.0007057392886136701,7.616512946548107e-05,0.0004599655756466011,2.4001860158216985e-05,5.038690704394227e-07,2.985568049018755e-05,13129.367650111382,6.284930762393151,9.68899369595842,6.7268961277088115,1270.6315701113538,13.333556097707453,197.41099485804483,EXTREME,/Volumes/Verbatim/SEIZEL_IT2/SUB100/sub-100_ses-01_task-szMonitoring_run-05_eeg.edf,sub-100_ses-01_task-szMonitoring_run-05_eeg.edf,ses-01,BTEleft SD,256.0,138.25
6112000,6114560,23875.0,23885.0,-6.714755092698541e-05,0.000713479646994255,0.0029699365529869534,4.068276647259098e-05,5.135620002705388e-07,0.00020343601588267124,1401.5816748399418,29.586866143819847,84.49831302600923,5.652001970695437,1042.9955763677297,119.71854988990951,196.80665759382828,EXTREME,/Volumes/Verbatim/SEIZEL_IT2/SUB10/sub-010_ses-01_task-szMonitoring_run-02_eeg.edf,sub-010_ses-01_task-szMonitoring_run-02_eeg.edf,ses-01,BTEright SD,256.0,951.8333333333334
7699200,7701760,30075.0,30085.0,2.676823949034879e-05,0.0002898745832102481,0.002598975204089418,1.3874669642175938e-05,8.474381263672769e-08,9.220584986296073e-05,3449.767777069731,63.15228987950646,213.1790708790195,8.678760079734095,742.9004469165676,169.70317591498414,194.88025227856156,EXTREME,/Volumes/Verbatim/SEIZEL_IT2/SUB1/sub-001_ses-01_task-szMonitoring_run-09_eeg.edf,sub-001_ses-01_task-szMonitoring_run-09_eeg.edf,ses-01,BTEleft SD,256.0,810.95
5137920,5140480,20070.0,20080.0,-0.00039073745023532276,7.300291471455358e-05,0.00041897605859464405,2.038357089723048e-05,1.5800518057322172e-07,2.5561925273740993e-05,13698.083017808067,11.561567053181731,16.829737368202867,12.14188381950599,1207.1558348661476,23.48573673014278,193.2628216090918,EXTREME,/Volumes/Verbatim/SEIZEL_IT2/SUB1/sub-001_ses-01_task-szMonitoring_run-06_eeg.edf,sub-001_ses-01_task-szMonitoring_run-06_eeg.edf,ses-01,BTEleft SD,256.0,336.53333333333336
9213440,9216000,35990.0,36000.0,-4.462914544708941e-05,0.00041070431761658946,0.0024359163042648965,1.6067362680724036e-05,1.7066979713224586e-07,8.733502966083698e-05,2434.84169674277,32.62417989140212,105.82525862305718,5.0167571688282635,987.003392879234,111.29527887123776,192.76690293937668,EXTREME,/Volumes/Verbatim/SEIZEL_IT2/SUB1/sub-001_ses-01_task-szMonitoring_run-05_eeg.edf,sub-001_ses-01_task-szMonitoring_run-05_eeg.edf,ses-01,BTEleft SD,256.0,1041.85
13798400,13800960,53900.0,53910.0,-3.156495418717087e-05,0.0007011941559061298,0.0030129581597619593,5.126923872382124e-05,4.926695906097481e-07,0.000217953280477967,1426.1385240463032,31.826377140805306,85.76098867605506,7.559919816418617,1000.5186729515491,117.61494390976954,191.6427090314859,EXTREME,/Volumes/Verbatim/SEIZEL_IT2/SUB10/sub-010_ses-01_task-szMonitoring_run-02_eeg.edf,sub-010_ses-01_task-szMonitoring_run-02_eeg.edf,ses-01,BTEright SD,256.0,951.8333333333334
5002240,5004800,19540.0,19550.0,-0.0003522870708936541,6.365944949779171e-05,0.00039401060502021815,1.9429487028639277e-05,1.2815870582919236e-07,2.4420282995015405e-05,15708.586740545132,7.299550574755149,13.066515636699664,7.838189295912654,1193.913228905282,21.144726489170715,187.93724067239611,EXTREME,/Volumes/Verbatim/SEIZEL_IT2/SUB1/sub-001_ses-01_task-szMonitoring_run-02_eeg.edf,sub-001_ses-01_task-szMonitoring_run-02_eeg.edf,ses-01,BTEleft SD,256.0,330.26666666666665
2108160,2110720,8235.0,8245.0,-0.0006824671695110436,8.018305365610778e-05,0.0007709883726253147,2.386528844915884e-05,4.7219075955403376e-07,3.2479975663021943e-05,12471.463007849216,7.21493192049168,18.81934271034806,6.663831537459998,1190.618229396276,14.253337872886604,187.63992921846378,EXTREME,/Volumes/Verbatim/SEIZEL_IT2/SUB100/sub-100_ses-01_task-szMonitoring_run-05_eeg.edf,sub-100_ses-01_task-szMonitoring_run-05_eeg.edf,ses-01,BTEleft SD,256.0,138.25
2604800,2607360,10175.0,10185.0,-0.00032188055237659263,0.00015799068030775758,0.0011689631494621196,7.471015487907223e-06,1.2856814506236845e-07,2.4408513348723984e-05,6329.487231288359,6.239857987542719,36.321559707387216,0.3686217996523204,1148.2919110749488,41.50698605599359,185.9164718638895,EXTREME,/Volumes/Verbatim/SEIZEL_IT2/SUB1/sub-001_ses-01_task-szMonitoring_run-07_eeg.edf,sub-001_ses-01_task-szMonitoring_run-07_eeg.edf,ses-01,BTEleft SD,256.0,491.96666666666664
5602560,5605120,21885.0,21895.0,-3.2971537644483736e-05,0.0006890597330046029,0.0032229813687342642,3.47267719479572e-05,4.7589043794301624e-07,0.00018343860975991328,1451.252991069886,26.50195916088775,91.92512832106436,4.578599238141375,966.40453969445,115.53720485985296,185.09083265830466,EXTREME,/Volumes/Verbatim/SEIZEL_IT2/SUB10/sub-010_ses-01_task-szMonitoring_run-02_eeg.edf,sub-010_ses-01_task-szMonitoring_run-02_eeg.edf,ses-01,BTEright SD,256.0,951.8333333333334
5542400,5544960,21650.0,21660.0,2.1185056291487052e-06,0.0007117406797068732,0.0024239160906385903,1.6783135246194782e-05,5.065792832157025e-07,8.8820048560115e-05,1405.0061027941226,11.90559309378758,68.47272044784954,1.344756663577648,1028.7988320602774,119.42079199331718,184.3923570134844,EXTREME,/Volumes/Verbatim/SEIZEL_IT2/SUB10/sub-010_ses-01_task-szMonitoring_run-02_eeg.edf,sub-010_ses-01_task-szMonitoring_run-02_eeg.edf,ses-01,BTEright SD,256.0,951.8333333333334
8193280,8195840,32005.0,32015.0,0.00021156291462219625,0.0006778164581705749,0.0023769562371252,1.746605807607576e-05,5.041940178103414e-07,8.44627464319151e-05,1475.3256378927006,11.233412327966592,67.09445803493742,1.4678345523644696,1023.9492867043086,113.61205428934956,182.59775126682996,EXTREME,/Volumes/Verbatim/SEIZEL_IT2/SUB10/sub-010_ses-01_task-szMonitoring_run-02_eeg.edf,sub-010_ses-01_task-szMonitoring_run-02_eeg.edf,ses-01,BTEright SD,256.0,951.8333333333334
6452480,6455040,25205.0,25215.0,-0.00022649447812356937,0.0006663084815696971,0.0024819429159990843,2.1211189738784618e-05,4.952667412321835e-07,0.00010677825431216581,1500.806347449431,14.675922104727944,70.17579629565176,2.1427906061183326,1005.7990076729911,111.64157966824821,181.6342992347823,EXTREME,/Volumes/Verbatim/SEIZEL_IT2/SUB10/sub-010_ses-01_task-szMonitoring_run-02_eeg.edf,sub-010_ses-01_task-szMonitoring_run-02_eeg.edf,ses-01,BTEright SD,256.0,951.8333333333334
3758080,3760640,14680.0,14690.0,-0.00012054280128819533,0.00031204558221882735,0.0021229345845731286,1.4963771869277865e-05,1.1190301232469229e-07,7.102239585443498e-05,3204.660004108223,38.87899407225023,98.99924863643072,7.871014987751783,853.7771289682083,112.62320563319253,174.3105905586746,EXTREME,/Volumes/Verbatim/SEIZEL_IT2/SUB1/sub-001_ses-01_task-szMonitoring_run-06_eeg.edf,sub-001_ses-01_task-szMonitoring_run-06_eeg.edf,ses-01,BTEleft SD,256.0,336.53333333333336
1973760,1976320,7710.0,7720.0,0.00045986142692120617,0.000796198352790386,0.0024749675745784692,0.0001721596901345655,8.454043489561318e-07,0.0003934298603630867,1255.968434548244,157.4564579530006,87.12942463643128,83.48203629194482,375.34632148517636,266.1465924273759,172.14865993473947,EXTREME,/Volumes/Verbatim/SEIZEL_IT2/SUB100/sub-100_ses-01_task-szMonitoring_run-02_eeg.edf,sub-100_ses-01_task-szMonitoring_run-02_eeg.edf,ses-01,BTEleft SD,256.0,131.36666666666667
7918080,7920640,30930.0,30940.0,6.805166094453358e-05,0.000273702050123485,0.0022599592889295797,7.965361257343405e-06,7.954384079910846e-08,4.492120307582534e-05,3653.6079868427223,28.648537908810155,184.62411694485203,3.2161293982330283,697.0592839130883,159.90052007721795,168.14398213138563,EXTREME,/Volumes/Verbatim/SEIZEL_IT2/SUB1/sub-001_ses-01_task-szMonitoring_run-09_eeg.edf,sub-001_ses-01_task-szMonitoring_run-09_eeg.edf,ses-01,BTEleft SD,256.0,810.95
1891840,1894400,7390.0,7400.0,-6.687880959959378e-05,0.0009660262432662411,0.002502928313115129,0.0002346758410105287,9.376794778525455e-07,0.00047591379713524237,1035.1685639343723,141.16093121097953,51.66763192478397,95.97816184017125,493.21837088362884,146.36019475514385,167.5542597848926,EXTREME,/Volumes/Verbatim/SEIZEL_IT2/SUB10/sub-010_ses-01_task-szMonitoring_run-07_eeg (1).edf,sub-010_ses-01_task-szMonitoring_run-07_eeg (1).edf,ses-01,BTEright SD,256.0,126.31666666666666
1891840,1894400,7390.0,7400.0,-6.687880959959378e-05,0.0009660262432662411,0.002502928313115129,0.0002346758410105287,9.376794778525455e-07,0.00047591379713524237,1035.1685639343723,141.16093121097953,51.66763192478397,95.97816184017125,493.21837088362884,146.36019475514385,167.5542597848926,EXTREME,/Volumes/Verbatim/SEIZEL_IT2/SUB10/sub-010_ses-01_task-szMonitoring_run-07_eeg (2).edf,sub-010_ses-01_task-szMonitoring_run-07_eeg (2).edf,ses-01,BTEright SD,256.0,126.31666666666666
1891840,1894400,7390.0,7400.0,-6.687880959959378e-05,0.0009660262432662411,0.002502928313115129,0.0002346758410105287,9.376794778525455e-07,0.00047591379713524237,1035.1685639343723,141.16093121097953,51.66763192478397,95.97816184017125,493.21837088362884,146.36019475514385,167.5542597848926,EXTREME,/Volumes/Verbatim/SEIZEL_IT2/SUB10/sub-010_ses-01_task-szMonitoring_run-07_eeg.edf,sub-010_ses-01_task-szMonitoring_run-07_eeg.edf,ses-01,BTEright SD,256.0,126.31666666666666
2666240,2668800,10415.0,10425.0,-3.793779063072203e-05,0.0006593323680328616,0.002562951155870909,2.4502110537308314e-05,4.3615844749376133e-07,0.00012581185545122443,1516.6857369172471,17.612147368333694,72.5533721141042,2.7358877560811328,885.6243928254681,110.44708169914327,165.11047064668838,EXTREME,/Volumes/Verbatim/SEIZEL_IT2/SUB10/sub-010_ses-01_task-szMonitoring_run-02_eeg.edf,sub-010_ses-01_task-szMonitoring_run-02_eeg.edf,ses-01,BTEright SD,256.0,951.8333333333334
7013120,7015680,27395.0,27405.0,-9.782345877918286e-05,0.0005507680863536333,0.0025189883268482488,1.3453596181906612e-05,3.1291491403316573e-07,8.144472770386599e-05,1815.646227443688,47.026441845249146,109.12745257881976,6.959797370260633,693.8345822321086,181.51875794734698,161.90376776520426,EXTREME,/Volumes/Verbatim/SEIZEL_IT2/SUB100/sub-100_ses-01_task-szMonitoring_run-09_eeg.edf,sub-100_ses-01_task-szMonitoring_run-09_eeg.edf,ses-01,BTEleft SD,256.0,762.8833333333333
8192000,8194560,32000.0,32010.0,-3.6672660023031506e-05,0.000649221398857037,0.002442959258411536,2.9274450049353404e-05,4.228333087270527e-07,0.00013897201424986372,1540.306589123844,19.64230395590309,69.03163365563343,3.5959695193732006,858.5327053853672,108.71581226345631,161.05181405371812,EXTREME,/Volumes/Verbatim/SEIZEL_IT2/SUB10/sub-010_ses-01_task-szMonitoring_run-02_eeg.edf,sub-010_ses-01_task-szMonitoring_run-02_eeg.edf,ses-01,BTEright SD,256.0,951.8333333333334
4990720,4993280,19495.0,19505.0,0.00034259320215342955,4.7109575926823574e-07,9.693751430533103e-07,4.543945983062392e-08,1.1737032409295502e-07,2.099168783152601e-07,2122706.1751673277,-3.385646593509266,-3.550089650901545,-3.616250282302478,1092.9009145474995,-4.5771573699293455,160.85917715076295,EXTREME,/Volumes/Verbatim/SEIZEL_IT2/SUB1/sub-001_ses-01_task-szMonitoring_run-02_eeg.edf,sub-001_ses-01_task-szMonitoring_run-02_eeg.edf,ses-01,BTEleft SD,256.0,330.26666666666665
4992000,4994560,19500.0,19510.0,0.0003425928234912643,4.7118721205778535e-07,9.693751430533103e-07,4.543945983062392e-08,1.1737006472510535e-07,2.099168783152601e-07,2122294.179713822,-3.385646593509266,-3.550089650901545,-3.616250282302478,1092.8984860695864,-4.577120142530748,160.85881660181582,EXTREME,/Volumes/Verbatim/SEIZEL_IT2/SUB1/sub-001_ses-01_task-szMonitoring_run-02_eeg.edf,sub-001_ses-01_task-szMonitoring_run-02_eeg.edf,ses-01,BTEleft SD,256.0,330.26666666666665
4993280,4995840,19505.0,19515.0,0.0003425928234912643,4.7118721205778535e-07,9.693751430533103e-07,4.543945983062392e-08,1.1737006472510535e-07,2.099168783152601e-07,2122294.179713822,-3.385646593509266,-3.550089650901545,-3.616250282302478,1092.8984860695864,-4.577120142530748,160.85881660181582,EXTREME,/Volumes/Verbatim/SEIZEL_IT2/SUB1/sub-001_ses-01_task-szMonitoring_run-02_eeg.edf,sub-001_ses-01_task-szMonitoring_run-02_eeg.edf,ses-01,BTEleft SD,256.0,330.26666666666665
4994560,4997120,19510.0,19520.0,0.0003425928234912643,4.7118721205778535e-07,9.693751430533103e-07,4.543945983062392e-08,1.1737006472510535e-07,2.099168783152601e-07,2122294.179713822,-3.385646593509266,-3.550089650901545,-3.616250282302478,1092.8984860695864,-4.577120142530748,160.85881660181582,EXTREME,/Volumes/Verbatim/SEIZEL_IT2/SUB1/sub-001_ses-01_task-szMonitoring_run-02_eeg.edf,sub-001_ses-01_task-szMonitoring_run-02_eeg.edf,ses-01,BTEleft SD,256.0,330.26666666666665
7219200,7221760,28200.0,28210.0,0.0005257386512753206,0.00040817933768461914,0.002444953307392996,2.2395331579737925e-05,4.430115011574474e-07,8.994816385483432e-05,2449.903523344803,12.079622201806322,69.09015859885687,2.3561993126834273,899.5575151078924,67.4429386184074,160.19506048096486,EXTREME,/Volumes/Verbatim/SEIZEL_IT2/SUB10/sub-010_ses-01_task-szMonitoring_run-02_eeg.edf,sub-010_ses-01_task-szMonitoring_run-02_eeg.edf,ses-01,BTEright SD,256.0,951.8333333333334
5502720,5505280,21495.0,21505.0,0.00017998763561455724,0.00025026435065169804,0.0010569672999160753,5.227632944228275e-06,9.502779418123469e-08,1.288037323650615e-05,3995.774841283573,5.268245978366193,83.29736709814593,0.6853427635022213,833.5604906683351,145.6942296761817,158.24392463262623,EXTREME,/Volumes/Verbatim/SEIZEL_IT2/SUB1/sub-001_ses-01_task-szMonitoring_run-09_eeg.edf,sub-001_ses-01_task-szMonitoring_run-09_eeg.edf,ses-01,BTEleft SD,256.0,810.95
5003520,5006080,19545.0,19555.0,-0.00032067610089670586,6.215964330979438e-05,0.0003899715419241627,1.9658530305848022e-05,1.0669698294271516e-07,2.488648974752788e-05,16087.608143575428,7.5053100022565715,12.895756153731822,7.973535764201639,992.9657326198428,20.534205114639203,157.79899728881682,EXTREME,/Volumes/Verbatim/SEIZEL_IT2/SUB1/sub-001_ses-01_task-szMonitoring_run-02_eeg.edf,sub-001_ses-01_task-szMonitoring_run-02_eeg.edf,ses-01,BTEleft SD,256.0,330.26666666666665
8463360,8465920,33060.0,33070.0,9.672520712930104e-05,0.0008462295803328799,0.0032849979400320435,0.00011500394970244906,7.254602683245684e-07,0.0003786576658842689,1181.712412398677,69.9800687470774,50.63785925981205,27.38971813216525,735.1578653285212,73.87699971851994,157.75991931100273,EXTREME,/Volumes/Verbatim/SEIZEL_IT2/SUB100/sub-100_ses-01_task-szMonitoring_run-04_eeg.edf,sub-100_ses-01_task-szMonitoring_run-04_eeg.edf,ses-01,BTEleft SD,256.0,1147.6
4989440,4992000,19490.0,19500.0,0.00027859341118414787,0.00013237574171079703,0.001878931761654078,3.83840370365072e-06,9.513762574870332e-08,3.6659814914729585e-05,7554.254121804723,12.701443762946116,75.84453195499903,-1.3749082922488516,884.7347253007918,49.11685082785755,156.9613239274857,EXTREME,/Volumes/Verbatim/SEIZEL_IT2/SUB1/sub-001_ses-01_task-szMonitoring_run-02_eeg.edf,sub-001_ses-01_task-szMonitoring_run-02_eeg.edf,ses-01,BTEleft SD,256.0,330.26666666666665
4084480,4087040,15955.0,15965.0,-0.000134106202792401,0.00027091243874222836,0.0025419919127183947,1.649297322041657e-05,9.13780230926582e-08,7.704875989082462e-05,3691.229538781956,27.16259006948823,82.62624586875073,5.211666375656617,815.5001911842924,73.80433028626288,156.77995067947248,EXTREME,/Volumes/Verbatim/SEIZEL_IT2/SUB1/sub-001_ses-01_task-szMonitoring_run-07_eeg.edf,sub-001_ses-01_task-szMonitoring_run-07_eeg.edf,ses-01,BTEleft SD,256.0,491.96666666666664
7217920,7220480,28195.0,28205.0,0.0003512713608484494,0.0005426096748763829,0.0024929600366216526,2.3110015092126344e-05,4.1781682822177546e-07,0.00010433521120107766,1842.9453886624383,14.299045188455136,70.4991466069613,2.4850011831244068,848.3335679296376,90.46102224244449,155.8976327876665,EXTREME,/Volumes/Verbatim/SEIZEL_IT2/SUB10/sub-010_ses-01_task-szMonitoring_run-02_eeg.edf,sub-010_ses-01_task-szMonitoring_run-02_eeg.edf,ses-01,BTEright SD,256.0,951.8333333333334
4083200,4085760,15950.0,15960.0,5.1511360341802094e-05,0.0002951155077958241,0.0025419919127183947,1.7674052033264667e-05,8.97465831858501e-08,7.837959165288622e-05,3388.5037220861573,27.69155104959095,82.62624586875073,5.845677031435496,800.9014304454299,80.72677697404256,155.59431971161283,EXTREME,/Volumes/Verbatim/SEIZEL_IT2/SUB1/sub-001_ses-01_task-szMonitoring_run-07_eeg.edf,sub-001_ses-01_task-szMonitoring_run-07_eeg.edf,ses-01,BTEleft SD,256.0,491.96666666666664
2753280,2755840,10755.0,10765.0,-0.0002838741917486838,0.0005530028858536558,0.002978909773403525,4.58663201676585e-05,3.8639674850343994e-07,0.0001911242974270573,1808.3088240091513,27.68759450816537,84.76167527051474,6.586193679168897,784.4525837256393,92.2406190536603,154.85218133200652,EXTREME,/Volumes/Verbatim/SEIZEL_IT2/SUB10/sub-010_ses-01_task-szMonitoring_run-02_eeg.edf,sub-010_ses-01_task-szMonitoring_run-02_eeg.edf,ses-01,BTEright SD,256.0,951.8333333333334
8732160,8734720,34110.0,34120.0,0.0005357604584680417,0.0005505452882165011,0.0024689727168688484,5.6231914607890824e-05,5.901393832352765e-07,0.00022039474389449562,1816.3809946010665,115.69014089920776,115.95888548776446,36.41294056190227,431.6333010478247,189.10066518621863,154.62097620045165,EXTREME,/Volumes/Verbatim/SEIZEL_IT2/SUB10/sub-010_ses-01_task-szMonitoring_run-06_eeg.edf,sub-010_ses-01_task-szMonitoring_run-06_eeg.edf,ses-01,BTEright SD,256.0,1293.5666666666666
4085760,4088320,15960.0,15970.0,-0.00012577120622568093,0.0002872718391778901,0.0017859647516594184,1.1344121461814297e-05,9.834350590011031e-08,2.107947396332394e-05,3481.023407587602,4.916676510889436,57.12962019043755,2.4477298419822073,877.8300486999182,78.48336818468523,153.15915090875149,EXTREME,/Volumes/Verbatim/SEIZEL_IT2/SUB1/sub-001_ses-01_task-szMonitoring_run-07_eeg.edf,sub-001_ses-01_task-szMonitoring_run-07_eeg.edf,ses-01,BTEleft SD,256.0,491.96666666666664
1921280,1923840,7505.0,7515.0,0.00014654932968785755,0.000904177269754427,0.0028589999999999996,0.00018095572152523458,8.390132411725302e-07,0.00043562578103642106,1105.977812476552,129.01740262062276,59.28738116400534,73.441495634346,440.8443631278278,136.8628877240517,151.51480951846756,EXTREME,/Volumes/Verbatim/SEIZEL_IT2/SUB10/sub-010_ses-01_task-szMonitoring_run-07_eeg (1).edf,sub-010_ses-01_task-szMonitoring_run-07_eeg (1).edf,ses-01,BTEright SD,256.0,126.31666666666666
1921280,1923840,7505.0,7515.0,0.00014654932968785755,0.000904177269754427,0.0028589999999999996,0.00018095572152523458,8.390132411725302e-07,0.00043562578103642106,1105.977812476552,129.01740262062276,59.28738116400534,73.441495634346,440.8443631278278,136.8628877240517,151.51480951846756,EXTREME,/Volumes/Verbatim/SEIZEL_IT2/SUB10/sub-010_ses-01_task-szMonitoring_run-07_eeg (2).edf,sub-010_ses-01_task-szMonitoring_run-07_eeg (2).edf,ses-01,BTEright SD,256.0,126.31666666666666
1921280,1923840,7505.0,7515.0,0.00014654932968785755,0.000904177269754427,0.0028589999999999996,0.00018095572152523458,8.390132411725302e-07,0.00043562578103642106,1105.977812476552,129.01740262062276,59.28738116400534,73.441495634346,440.8443631278278,136.8628877240517,151.51480951846756,EXTREME,/Volumes/Verbatim/SEIZEL_IT2/SUB10/sub-010_ses-01_task-szMonitoring_run-07_eeg.edf,sub-010_ses-01_task-szMonitoring_run-07_eeg.edf,ses-01,BTEright SD,256.0,126.31666666666666
2721280,2723840,10630.0,10640.0,-0.00028003510426203546,0.0009384097912563377,0.0028839316090638594,0.00030336378597791254,9.590325959448125e-07,0.0005723468811543157,1065.6325288289813,113.78400482940859,65.23819088749666,80.58194198152293,474.94857194787437,112.03872311337047,151.4345863676151,EXTREME,/Volumes/Verbatim/SEIZEL_IT2/SUB100/sub-100_ses-01_task-szMonitoring_run-07_eeg.edf,sub-100_ses-01_task-szMonitoring_run-07_eeg.edf,ses-01,BTEleft SD,256.0,178.65
6453760,6456320,25210.0,25220.0,8.884304521200514e-05,0.0006445169622987896,0.0018599491874570842,1.2114684907158389e-05,4.2329520137340176e-07,1.976451058971733e-05,1551.5495432141374,1.2527159162533157,51.920403380678835,0.5033980407668369,859.4717913810068,107.91028639508593,150.6350082016374,EXTREME,/Volumes/Verbatim/SEIZEL_IT2/SUB10/sub-010_ses-01_task-szMonitoring_run-02_eeg.edf,sub-010_ses-01_task-szMonitoring_run-02_eeg.edf,ses-01,BTEright SD,256.0,951.8333333333334
2754560,2757120,10760.0,10770.0,-0.00030452696988012126,0.0005286746505844314,0.002978909773403525,4.0618953010557334e-05,3.722335615549388e-07,0.00018852222199892198,1891.5225025505051,27.28618441482154,84.76167527051474,5.640501365005263,755.6570386523564,88.07497188241625,149.78665285838662,EXTREME,/Volumes/Verbatim/SEIZEL_IT2/SUB10/sub-010_ses-01_task-szMonitoring_run-02_eeg.edf,sub-010_ses-01_task-szMonitoring_run-02_eeg.edf,ses-01,BTEright SD,256.0,951.8333333333334
6113280,6115840,23880.0,23890.0,-6.739657337205296e-05,0.000603704164109015,0.002960913481345846,3.566420864685855e-05,3.690010158648592e-07,0.0001869912382342452,1656.4404517888709,27.050006658695853,84.23348765792315,4.747546188988184,749.0848656337699,100.9220393870978,149.71864288370108,EXTREME,/Volumes/Verbatim/SEIZEL_IT2/SUB10/sub-010_ses-01_task-szMonitoring_run-02_eeg.edf,sub-010_ses-01_task-szMonitoring_run-02_eeg.edf,ses-01,BTEright SD,256.0,951.8333333333334
12072960,12075520,47160.0,47170.0,0.00013482821736476706,0.0002558092978934295,0.0012589674525062945,1.176628366521706e-05,8.361704508649022e-08,1.911855664298935e-05,3909.162037211952,9.820267567402778,100.31162747347071,6.729744530682061,732.9672517858195,149.0551879847941,149.69597461577388,EXTREME,/Volumes/Verbatim/SEIZEL_IT2/SUB1/sub-001_ses-01_task-szMonitoring_run-09_eeg.edf,sub-001_ses-01_task-szMonitoring_run-09_eeg.edf,ses-01,BTEleft SD,256.0,810.95
1893120,1895680,7395.0,7405.0,-0.0006883996425812543,0.0006746814655147061,0.002461920302128633,0.00017535789967312315,9.290891478150702e-07,0.0004022315125095798,1482.1809248234372,118.95177284091235,50.79008177961512,71.09309723595366,488.6584522412798,101.62233333076489,149.47075746670154,EXTREME,/Volumes/Verbatim/SEIZEL_IT2/SUB10/sub-010_ses-01_task-szMonitoring_run-07_eeg (2).edf,sub-010_ses-01_task-szMonitoring_run-07_eeg (2).edf,ses-01,BTEright SD,256.0,126.31666666666666
1893120,1895680,7395.0,7405.0,-0.0006883996425812543,0.0006746814655147061,0.002461920302128633,0.00017535789967312315,9.290891478150702e-07,0.0004022315125095798,1482.1809248234372,118.95177284091235,50.79008177961512,71.09309723595366,488.6584522412798,101.62233333076489,149.47075746670154,EXTREME,/Volumes/Verbatim/SEIZEL_IT2/SUB10/sub-010_ses-01_task-szMonitoring_run-07_eeg.edf,sub-010_ses-01_task-szMonitoring_run-07_eeg.edf,ses-01,BTEright SD,256.0,126.31666666666666
1893120,1895680,7395.0,7405.0,-0.0006883996425812543,0.0006746814655147061,0.002461920302128633,0.00017535789967312315,9.290891478150702e-07,0.0004022315125095798,1482.1809248234372,118.95177284091235,50.79008177961512,71.09309723595366,488.6584522412798,101.62233333076489,149.47075746670154,EXTREME,/Volumes/Verbatim/SEIZEL_IT2/SUB10/sub-010_ses-01_task-szMonitoring_run-07_eeg (1).edf,sub-010_ses-01_task-szMonitoring_run-07_eeg (1).edf,ses-01,BTEright SD,256.0,126.31666666666666
4081920,4084480,15945.0,15955.0,5.880389105058366e-05,0.00030061609803083765,0.0018329576562142367,1.4167681391622796e-05,9.382793599797509e-08,2.8622310926814604e-05,3326.501818179134,7.9147011648714765,58.7144316346357,3.96343485950934,837.4229676141939,82.30002962926918,149.14916681159002,EXTREME,/Volumes/Verbatim/SEIZEL_IT2/SUB1/sub-001_ses-01_task-szMonitoring_run-07_eeg.edf,sub-001_ses-01_task-szMonitoring_run-07_eeg.edf,ses-01,BTEleft SD,256.0,491.96666666666664
3755520,3758080,14670.0,14680.0,-5.243338728828117e-05,0.0003028890039360613,0.0021829595788509953,1.1244367757925152e-05,9.449100880790227e-08,4.426381847604782e-05,3301.5394540686484,22.799629399359738,101.89381700091494,4.940078432734262,720.3120121718875,109.2087766508695,148.31432886737582,EXTREME,/Volumes/Verbatim/SEIZEL_IT2/SUB1/sub-001_ses-01_task-szMonitoring_run-06_eeg.edf,sub-001_ses-01_task-szMonitoring_run-06_eeg.edf,ses-01,BTEleft SD,256.0,336.53333333333336
4087040,4089600,15965.0,15975.0,-1.318689250019075e-05,0.000304682061215836,0.0015659613946746014,1.3863874265659573e-05,9.300505256054203e-08,3.28919313334743e-05,3282.10985814978,9.61173204387205,49.71012056140689,3.8003492524635614,830.0594855950727,83.46295707951519,146.92141872534174,EXTREME,/Volumes/Verbatim/SEIZEL_IT2/SUB1/sub-001_ses-01_task-szMonitoring_run-07_eeg.edf,sub-001_ses-01_task-szMonitoring_run-07_eeg.edf,ses-01,BTEleft SD,256.0,491.96666666666664
16910080,16912640,66055.0,66065.0,0.00032981629127088564,0.0008253279030588414,0.0026629350728618294,2.368185416189822e-05,7.899449335551859e-07,0.00014134454492746075,1211.6396344800012,24.972110333156433,40.650801357993444,4.126245430787988,800.621639695215,72.00919260162435,144.98981318880573,EXTREME,/Volumes/Verbatim/SEIZEL_IT2/SUB100/sub-100_ses-01_task-szMonitoring_run-04_eeg.edf,sub-100_ses-01_task-szMonitoring_run-04_eeg.edf,ses-01,BTEleft SD,256.0,1147.6
5139200,5141760,20075.0,20085.0,-0.0003305971865880351,6.45648918058912e-05,0.0004250105287251086,2.1415578310969324e-05,1.1346312503383051e-07,2.6877487319819193e-05,15488.293351720013,12.352094949698042,17.120735918826774,12.955118456942625,865.7355819250881,20.339252412188674,142.2326666375303,EXTREME,/Volumes/Verbatim/SEIZEL_IT2/SUB1/sub-001_ses-01_task-szMonitoring_run-06_eeg.edf,sub-001_ses-01_task-szMonitoring_run-06_eeg.edf,ses-01,BTEleft SD,256.0,336.53333333333336
1922560,1925120,7510.0,7520.0,-0.0006637494381580454,0.0006531655351648747,0.0028589999999999996,0.00014723610741159305,8.671885329823379e-07,0.00038907932495904976,1531.0054567048926,114.98746829055082,59.28738116400534,59.295442067275964,455.80037038443896,98.31842406616066,142.16407651223093,EXTREME,/Volumes/Verbatim/SEIZEL_IT2/SUB10/sub-010_ses-01_task-szMonitoring_run-07_eeg (1).edf,sub-010_ses-01_task-szMonitoring_run-07_eeg (1).edf,ses-01,BTEright SD,256.0,126.31666666666666
1922560,1925120,7510.0,7520.0,-0.0006637494381580454,0.0006531655351648747,0.0028589999999999996,0.00014723610741159305,8.671885329823379e-07,0.00038907932495904976,1531.0054567048926,114.98746829055082,59.28738116400534,59.295442067275964,455.80037038443896,98.31842406616066,142.16407651223093,EXTREME,/Volumes/Verbatim/SEIZEL_IT2/SUB10/sub-010_ses-01_task-szMonitoring_run-07_eeg (2).edf,sub-010_ses-01_task-szMonitoring_run-07_eeg (2).edf,ses-01,BTEright SD,256.0,126.31666666666666
1922560,1925120,7510.0,7520.0,-0.0006637494381580454,0.0006531655351648747,0.0028589999999999996,0.00014723610741159305,8.671885329823379e-07,0.00038907932495904976,1531.0054567048926,114.98746829055082,59.28738116400534,59.295442067275964,455.80037038443896,98.31842406616066,142.16407651223093,EXTREME,/Volumes/Verbatim/SEIZEL_IT2/SUB10/sub-010_ses-01_task-szMonitoring_run-07_eeg.edf,sub-010_ses-01_task-szMonitoring_run-07_eeg.edf,ses-01,BTEright SD,256.0,126.31666666666666
16911360,16913920,66060.0,66070.0,-0.0003827020950756276,0.0007813155576285729,0.0026629350728618294,3.1360057006752114e-05,7.569148941677224e-07,0.0001628336868345927,1279.8925977556103,29.04766418962892,40.650801357993444,6.082197724913567,767.0900855179394,68.07617943009149,141.38441305365157,EXTREME,/Volumes/Verbatim/SEIZEL_IT2/SUB100/sub-100_ses-01_task-szMonitoring_run-04_eeg.edf,sub-100_ses-01_task-szMonitoring_run-04_eeg.edf,ses-01,BTEleft SD,256.0,1147.6
322560,325120,1260.0,1270.0,5.158983749141671e-06,0.0002906379269129023,0.002265972075989929,1.1257251850156406e-05,8.449701967355343e-08,4.534127255700938e-05,3440.707161591373,14.559927543078574,73.31761938104995,2.401097679204126,753.9262881924599,79.4461205877136,141.27327333976865,EXTREME,/Volumes/Verbatim/SEIZEL_IT2/SUB1/sub-001_ses-01_task-szMonitoring_run-07_eeg.edf,sub-001_ses-01_task-szMonitoring_run-07_eeg.edf,ses-01,BTEleft SD,256.0,491.96666666666664
17373440,17376000,67865.0,67875.0,0.0003192395239662011,0.0007332320721802766,0.0026819615472648203,0.00013435511153391316,6.39543145335949e-07,0.0003531433838240647,1363.8246833129656,65.14112119417018,40.956266467001704,32.31925049058887,647.9362114136312,63.779362713041465,141.0228637928265,EXTREME,/Volumes/Verbatim/SEIZEL_IT2/SUB100/sub-100_ses-01_task-szMonitoring_run-04_eeg.edf,sub-100_ses-01_task-szMonitoring_run-04_eeg.edf,ses-01,BTEleft SD,256.0,1147.6
1890560,1893120,7385.0,7395.0,0.0007073048757581825,0.0006302249290886886,0.002502928313115129,0.00014371317435339892,8.974636485161404e-07,0.000360564943529289,1586.7350722848662,106.39272375710708,51.66763192478397,57.81750108057129,471.87100598512075,94.79574669556115,139.39470548338275,EXTREME,/Volumes/Verbatim/SEIZEL_IT2/SUB10/sub-010_ses-01_task-szMonitoring_run-07_eeg.edf,sub-010_ses-01_task-szMonitoring_run-07_eeg.edf,ses-01,BTEright SD,256.0,126.31666666666666
1890560,1893120,7385.0,7395.0,0.0007073048757581825,0.0006302249290886886,0.002502928313115129,0.00014371317435339892,8.974636485161404e-07,0.000360564943529289,1586.7350722848662,106.39272375710708,51.66763192478397,57.81750108057129,471.87100598512075,94.79574669556115,139.39470548338275,EXTREME,/Volumes/Verbatim/SEIZEL_IT2/SUB10/sub-010_ses-01_task-szMonitoring_run-07_eeg (2).edf,sub-010_ses-01_task-szMonitoring_run-07_eeg (2).edf,ses-01,BTEright SD,256.0,126.31666666666666
1890560,1893120,7385.0,7395.0,0.0007073048757581825,0.0006302249290886886,0.002502928313115129,0.00014371317435339892,8.974636485161404e-07,0.000360564943529289,1586.7350722848662,106.39272375710708,51.66763192478397,57.81750108057129,471.87100598512075,94.79574669556115,139.39470548338275,EXTREME,/Volumes/Verbatim/SEIZEL_IT2/SUB10/sub-010_ses-01_task-szMonitoring_run-07_eeg (1).edf,sub-010_ses-01_task-szMonitoring_run-07_eeg (1).edf,ses-01,BTEright SD,256.0,126.31666666666666
5004800,5007360,19550.0,19560.0,-0.0003003727562561989,5.849754867046977e-05,0.0003649697413595789,1.9979257159819182e-05,9.364575590139986e-08,2.534224842140534e-05,17094.733123579215,7.706458190931347,11.838754954160848,8.163059977701568,870.7662516519098,19.04348780012381,139.2169098809973,EXTREME,/Volumes/Verbatim/SEIZEL_IT2/SUB1/sub-001_ses-01_task-szMonitoring_run-02_eeg.edf,sub-001_ses-01_task-szMonitoring_run-02_eeg.edf,ses-01,BTEleft SD,256.0,330.26666666666665
1976320,1978880,7720.0,7730.0,-0.0008232848269293127,0.000441438679341309,0.0023939364461738,9.191144060068091e-05,8.726660138706272e-07,0.0002766342599171683,2265.3202914317017,109.35051425747457,84.09672329337354,42.58468925874283,387.65366411168975,145.21601781904405,136.27861389919724,EXTREME,/Volumes/Verbatim/SEIZEL_IT2/SUB100/sub-100_ses-01_task-szMonitoring_run-02_eeg.edf,sub-100_ses-01_task-szMonitoring_run-02_eeg.edf,ses-01,BTEleft SD,256.0,131.36666666666667
8733440,8736000,34115.0,34125.0,0.0005713360788366902,0.00041189150697021706,0.0024689727168688484,4.808014101482032e-05,4.96079528494681e-07,0.00020781521343843086,2427.823785268007,108.90483997518115,115.95888548776446,30.65641843243783,361.9110791519606,140.588162793652,135.78523292751316,EXTREME,/Volumes/Verbatim/SEIZEL_IT2/SUB10/sub-010_ses-01_task-szMonitoring_run-06_eeg.edf,sub-010_ses-01_task-szMonitoring_run-06_eeg.edf,ses-01,BTEright SD,256.0,1293.5666666666666
3614720,3617280,14120.0,14130.0,0.0001229513580648698,0.00014746851481459963,0.0012049740596627753,1.8169591827124815e-05,3.686399931161962e-08,3.515263156950845e-05,6781.1084588199155,26.034250222548582,128.48323521679046,15.363888849316988,539.553495016657,130.84866878713652,131.8993035223257,EXTREME,/Volumes/Verbatim/SEIZEL_IT2/SUB1/sub-001_ses-01_task-szMonitoring_run-01_eeg.edf,sub-001_ses-01_task-szMonitoring_run-01_eeg.edf,ses-01,BTEleft SD,256.0,1088.65
3619840,3622400,14140.0,14150.0,-0.00021678515676260782,7.323305919192198e-05,0.0003599947356374456,9.502133300669488e-06,5.235888515119601e-08,1.3769498385832332e-05,13655.034998937621,7.162887187727723,33.33378443502845,5.641453431130571,769.6766066614447,60.635256395869106,131.8170747277401,EXTREME,/Volumes/Verbatim/SEIZEL_IT2/SUB1/sub-001_ses-01_task-szMonitoring_run-01_eeg.edf,sub-001_ses-01_task-szMonitoring_run-01_eeg.edf,ses-01,BTEleft SD,256.0,1088.65
5128960,5131520,20035.0,20045.0,0.0003425799115572783,4.854392688559876e-07,9.990844586862013e-07,4.683208400091569e-08,1.1736123145387643e-07,2.1635039050012567e-07,2059985.6751823432,-3.668717263833328,-3.3262483336216815,-3.8837185116857484,895.6150399744873,-3.5555621306682346,131.26065537170314,EXTREME,/Volumes/Verbatim/SEIZEL_IT2/SUB1/sub-001_ses-01_task-szMonitoring_run-06_eeg.edf,sub-001_ses-01_task-szMonitoring_run-06_eeg.edf,ses-01,BTEleft SD,256.0,336.53333333333336
5127680,5130240,20030.0,20040.0,0.00034257991155727836,4.854392688559876e-07,9.990844586862013e-07,4.683208400091569e-08,1.1736123145387643e-07,2.1635039050012567e-07,2059985.6751823432,-3.668717263833328,-3.3262483336216815,-3.8837185116857484,895.6150399744873,-3.5555621306682346,131.26065537170314,EXTREME,/Volumes/Verbatim/SEIZEL_IT2/SUB1/sub-001_ses-01_task-szMonitoring_run-06_eeg.edf,sub-001_ses-01_task-szMonitoring_run-06_eeg.edf,ses-01,BTEleft SD,256.0,336.53333333333336
5125120,5127680,20020.0,20030.0,0.00034257913102254506,4.856281121628925e-07,9.990844586862013e-07,4.683208400091569e-08,1.173606968468254e-07,2.1635039050012567e-07,2059184.6224914421,-3.668717263833328,-3.3262483336216815,-3.8837185116857484,895.6109421466618,-3.555491712217117,131.26004773937441,EXTREME,/Volumes/Verbatim/SEIZEL_IT2/SUB1/sub-001_ses-01_task-szMonitoring_run-06_eeg.edf,sub-001_ses-01_task-szMonitoring_run-06_eeg.edf,ses-01,BTEleft SD,256.0,336.53333333333336
5131520,5134080,20045.0,20055.0,0.000342579131022545,4.856281121628925e-07,9.990844586862013e-07,4.683208400091569e-08,1.173606968468254e-07,2.1635039050012567e-07,2059184.6224914421,-3.668717263833328,-3.3262483336216815,-3.8837185116857484,895.6109421466618,-3.555491712217117,131.26004773937441,EXTREME,/Volumes/Verbatim/SEIZEL_IT2/SUB1/sub-001_ses-01_task-szMonitoring_run-06_eeg.edf,sub-001_ses-01_task-szMonitoring_run-06_eeg.edf,ses-01,BTEleft SD,256.0,336.53333333333336
7916800,7919360,30925.0,30935.0,-8.757766842144239e-07,0.00023152607859332187,0.0022599592889295797,8.045237277790494e-06,5.360509205360167e-08,4.205183850291926e-05,4319.1678525223215,26.55475376820429,184.62411694485203,3.289967683797954,468.3921975364294,134.33640273606954,130.56945064867287,EXTREME,/Volumes/Verbatim/SEIZEL_IT2/SUB1/sub-001_ses-01_task-szMonitoring_run-09_eeg.edf,sub-001_ses-01_task-szMonitoring_run-09_eeg.edf,ses-01,BTEleft SD,256.0,810.95
17374720,17377280,67870.0,67880.0,-3.7529573891814834e-06,0.0007987177974875972,0.0025349434653238728,7.531360323920425e-05,6.379642047126035e-07,0.0002352751493401371,1252.0066560348828,42.78665307801225,38.59592931388114,17.278963599097164,646.3332967929932,69.63127125513762,130.0634288043627,EXTREME,/Volumes/Verbatim/SEIZEL_IT2/SUB100/sub-100_ses-01_task-szMonitoring_run-04_eeg.edf,sub-100_ses-01_task-szMonitoring_run-04_eeg.edf,ses-01,BTEleft SD,256.0,1147.6
2722560,2725120,10635.0,10645.0,-0.0008163853515177958,0.0005277550806530932,0.0028839316090638594,0.0001602642440704395,9.45010467327988e-07,0.0004166099031646586,1894.8183253256202,82.08330499859922,65.23819088749666,41.289868251191315,467.89472459519544,61.8548517757116,126.4044624440978,EXTREME,/Volumes/Verbatim/SEIZEL_IT2/SUB100/sub-100_ses-01_task-szMonitoring_run-07_eeg.edf,sub-100_ses-01_task-szMonitoring_run-07_eeg.edf,ses-01,BTEleft SD,256.0,178.65
2720000,2722560,10625.0,10635.0,0.0005148820929894331,0.000790031168890106,0.002611952574959945,0.00016557183237010756,8.892528174990465e-07,0.0004009775497810822,1265.7728430374473,78.9012955063205,58.685753424374845,42.74721848460889,439.8457770077681,93.90618134087337,123.26953249426145,EXTREME,/Volumes/Verbatim/SEIZEL_IT2/SUB100/sub-100_ses-01_task-szMonitoring_run-07_eeg.edf,sub-100_ses-01_task-szMonitoring_run-07_eeg.edf,ses-01,BTEleft SD,256.0,178.65
17372160,17374720,67860.0,67870.0,-5.4842516224631965e-05,0.000729170716602063,0.002805942168307011,0.0001006709401464866,5.346976355358151e-07,0.0003177409332378742,1371.4209524054684,58.4268189368409,42.94674316380956,23.738514394887314,541.4987696998437,63.41643352062429,121.35289694667267,EXTREME,/Volumes/Verbatim/SEIZEL_IT2/SUB100/sub-100_ses-01_task-szMonitoring_run-04_eeg.edf,sub-100_ses-01_task-szMonitoring_run-04_eeg.edf,ses-01,BTEleft SD,256.0,1147.6
5006080,5008640,19555.0,19565.0,-0.00027631388759346144,6.0449016155480474e-05,0.00038896177615014877,2.0094638677090487e-05,8.000344803117759e-08,2.5526662774411914e-05,16542.866154927007,7.787849100636505,12.85306628298986,8.231241332154784,743.0324427411801,19.837865514282445,120.38126167085697,EXTREME,/Volumes/Verbatim/SEIZEL_IT2/SUB1/sub-001_ses-01_task-szMonitoring_run-02_eeg.edf,sub-001_ses-01_task-szMonitoring_run-02_eeg.edf,ses-01,BTEleft SD,256.0,330.26666666666665
16913920,16916480,66070.0,66080.0,0.0001618215614747844,0.000744429954703187,0.002906936751354238,3.340391656176089e-05,5.803621752175264e-07,0.00017421245557841007,1343.3097262393237,31.205720804275884,44.56818498568042,6.602852345046355,587.8566613255744,64.78002330100449,115.81271127657851,EXTREME,/Volumes/Verbatim/SEIZEL_IT2/SUB100/sub-100_ses-01_task-szMonitoring_run-04_eeg.edf,sub-100_ses-01_task-szMonitoring_run-04_eeg.edf,ses-01,BTEleft SD,256.0,1147.6
9018880,9021440,35230.0,35240.0,-0.00011255178342202631,0.0005561575936406384,0.002506961745632105,2.6638339425020982e-05,3.219791729156242e-07,0.0001262581855900297,1798.0515048907148,46.855620975758406,86.45045604063715,11.468366672513033,430.37554310628434,144.468442053424,114.98640755543052,EXTREME,/Volumes/Verbatim/SEIZEL_IT2/SUB10/sub-010_ses-01_task-szMonitoring_run-04_eeg.edf,sub-010_ses-01_task-szMonitoring_run-04_eeg.edf,ses-01,BTEright SD,256.0,1306.6666666666667
12074240,12076800,47165.0,47175.0,-1.4438574807354725e-05,0.00023119828116044134,0.0015369629053177693,9.737758068207826e-06,5.366111765401005e-08,1.7764000513761493e-05,4325.291652928651,8.831843800092749,123.72689204946273,4.854552808944401,468.8860999576133,134.1377149113613,112.55412078649202,EXTREME,/Volumes/Verbatim/SEIZEL_IT2/SUB1/sub-001_ses-01_task-szMonitoring_run-09_eeg.edf,sub-001_ses-01_task-szMonitoring_run-09_eeg.edf,ses-01,BTEleft SD,256.0,810.95
8464640,8467200,33065.0,33075.0,8.11167243648422e-06,0.0006857842054070996,0.0032849979400320435,8.293023920901045e-05,4.703657756155638e-07,0.00031766259992829505,1458.1846456323517,58.41196252129275,50.63785925981205,19.219232292134713,476.19012077768883,59.53934589149523,111.79805789864466,EXTREME,/Volumes/Verbatim/SEIZEL_IT2/SUB100/sub-100_ses-01_task-szMonitoring_run-04_eeg.edf,sub-100_ses-01_task-szMonitoring_run-04_eeg.edf,ses-01,BTEleft SD,256.0,1147.6
1894400,1896960,7400.0,7410.0,-0.0007866446735165369,0.00041931807315261413,0.002444949965667201,8.118573926384756e-05,7.946374888443602e-07,0.0002497323696383379,2384.8244605741515,72.98580378154216,50.42692538975271,31.585989557120907,417.28882807542186,62.40964467877343,110.7819029921051,EXTREME,/Volumes/Verbatim/SEIZEL_IT2/SUB10/sub-010_ses-01_task-szMonitoring_run-07_eeg (2).edf,sub-010_ses-01_task-szMonitoring_run-07_eeg (2).edf,ses-01,BTEright SD,256.0,126.31666666666666
1894400,1896960,7400.0,7410.0,-0.0007866446735165369,0.00041931807315261413,0.002444949965667201,8.118573926384756e-05,7.946374888443602e-07,0.0002497323696383379,2384.8244605741515,72.98580378154216,50.42692538975271,31.585989557120907,417.28882807542186,62.40964467877343,110.7819029921051,EXTREME,/Volumes/Verbatim/SEIZEL_IT2/SUB10/sub-010_ses-01_task-szMonitoring_run-07_eeg (1).edf,sub-010_ses-01_task-szMonitoring_run-07_eeg (1).edf,ses-01,BTEright SD,256.0,126.31666666666666
1894400,1896960,7400.0,7410.0,-0.0007866446735165369,0.00041931807315261413,0.002444949965667201,8.118573926384756e-05,7.946374888443602e-07,0.0002497323696383379,2384.8244605741515,72.98580378154216,50.42692538975271,31.585989557120907,417.28882807542186,62.40964467877343,110.7819029921051,EXTREME,/Volumes/Verbatim/SEIZEL_IT2/SUB10/sub-010_ses-01_task-szMonitoring_run-07_eeg.edf,sub-010_ses-01_task-szMonitoring_run-07_eeg.edf,ses-01,BTEright SD,256.0,126.31666666666666
5504000,5506560,21500.0,21510.0,0.0001219993965056841,0.00021495022122497212,0.0010409914702067596,4.694041733424887e-06,6.108745035241558e-08,1.2425124244214181e-05,4652.239898376917,4.936049390630972,81.95173976618267,0.19208508769783086,534.354094473049,124.2892799924576,110.73842442770005,EXTREME,/Volumes/Verbatim/SEIZEL_IT2/SUB1/sub-001_ses-01_task-szMonitoring_run-09_eeg.edf,sub-001_ses-01_task-szMonitoring_run-09_eeg.edf,ses-01,BTEleft SD,256.0,810.95
4122880,4125440,16105.0,16115.0,1.0838111016536962e-05,0.00039787631633691757,0.0024109727626459142,2.0771187986381322e-05,1.5842302775224168e-07,0.0001057313953963468,2513.3438619650497,62.202400917908236,104.27664461163262,12.873660353599309,350.0953206044114,129.937191771254,110.70891858210138,EXTREME,/Volumes/Verbatim/SEIZEL_IT2/SUB100/sub-100_ses-01_task-szMonitoring_run-09_eeg.edf,sub-100_ses-01_task-szMonitoring_run-09_eeg.edf,ses-01,BTEleft SD,256.0,762.8833333333333
17370880,17373440,67855.0,67865.0,-0.000246277392447738,0.0006698865286307651,0.002812935683222705,5.8983336134794384e-05,5.094005152718341e-07,0.0002431736413426958,1492.7901305183584,44.284652843682814,43.05902223090448,13.118976678725337,515.8175481696422,58.11870421591901,109.91973092425319,EXTREME,/Volumes/Verbatim/SEIZEL_IT2/SUB100/sub-100_ses-01_task-szMonitoring_run-04_eeg.edf,sub-100_ses-01_task-szMonitoring_run-04_eeg.edf,ses-01,BTEleft SD,256.0,1147.6
8462080,8464640,33055.0,33065.0,0.0004602482972481307,0.0005555659467173646,0.003027986266880293,4.657442701180667e-05,5.204820162717652e-07,0.00022298084215834047,1799.9663300255656,40.45495871515828,46.511603544073495,9.957920015189702,527.0673062091605,47.9028352353605,109.30351971706816,EXTREME,/Volumes/Verbatim/SEIZEL_IT2/SUB100/sub-100_ses-01_task-szMonitoring_run-04_eeg.edf,sub-100_ses-01_task-szMonitoring_run-04_eeg.edf,ses-01,BTEleft SD,256.0,1147.6
2344960,2347520,9160.0,9170.0,5.207225146868085e-05,0.00025787205592947375,0.0010779461356527045,1.39233234149691e-05,6.920951660231118e-08,2.4078313994875093e-05,3877.892052001172,6.108614821561602,33.25205790773496,3.832261935791052,617.1277467933218,70.0745820212956,109.13149937737957,EXTREME,/Volumes/Verbatim/SEIZEL_IT2/SUB1/sub-001_ses-01_task-szMonitoring_run-07_eeg.edf,sub-001_ses-01_task-szMonitoring_run-07_eeg.edf,ses-01,BTEleft SD,256.0,491.96666666666664
7449600,7452160,29100.0,29110.0,0.00043895443214980544,0.0002668371252847847,0.0009159922178988326,1.1754696619649804e-05,2.63883044934206e-07,1.989212397696046e-05,3747.6044429167614,8.564195529575041,37.13943535107901,5.586796593215779,584.7403191867658,85.72809729757302,107.82657243198238,EXTREME,/Volumes/Verbatim/SEIZEL_IT2/SUB100/sub-100_ses-01_task-szMonitoring_run-09_eeg.edf,sub-100_ses-01_task-szMonitoring_run-09_eeg.edf,ses-01,BTEleft SD,256.0,762.8833333333333
1593600,1596160,6225.0,6235.0,-9.821445574168391e-05,0.0006651307029463139,0.0024209569695582515,6.802260276593613e-05,4.5204493131849287e-07,0.00020187185928795089,1503.4638967451954,50.658562985917726,65.8035887659861,22.0458492803952,388.897454975272,137.5815202399095,107.39315492462921,EXTREME,/Volumes/Verbatim/SEIZEL_IT2/SUB10/sub-010_ses-01_task-szMonitoring_run-05_eeg.edf,sub-010_ses-01_task-szMonitoring_run-05_eeg.edf,ses-01,BTEright SD,256.0,104.2
16912640,16915200,66065.0,66075.0,-0.0003178401970321203,0.0006798239583811836,0.0025239903868162048,2.294951969844358e-05,5.631830052384785e-07,0.00011504606612366962,1470.9690445600943,19.984434828413313,38.420080480857465,3.939689891320655,570.4166497616853,59.006728739890406,106.92967660262212,EXTREME,/Volumes/Verbatim/SEIZEL_IT2/SUB100/sub-100_ses-01_task-szMonitoring_run-04_eeg.edf,sub-100_ses-01_task-szMonitoring_run-04_eeg.edf,ses-01,BTEleft SD,256.0,1147.6
12821760,12824320,50085.0,50095.0,-5.2856547610532614e-05,0.0007072479139606784,0.0025979365224689096,6.747717452983139e-05,5.029934264270358e-07,0.00020400662093035023,1413.9313511523014,36.856375726898854,39.607266499111184,15.282704706025282,509.3131766732063,61.457377017214604,106.42043994814429,EXTREME,/Volumes/Verbatim/SEIZEL_IT2/SUB100/sub-100_ses-01_task-szMonitoring_run-04_eeg.edf,sub-100_ses-01_task-szMonitoring_run-04_eeg.edf,ses-01,BTEleft SD,256.0,1147.6
6598400,6600960,25775.0,25785.0,4.3096042954146766e-05,0.00023508306114145973,0.001009960723277638,5.006429388876174e-06,5.712131455394495e-08,1.050680086871747e-05,4253.8156126205995,3.5362429324015867,79.33805259256987,0.4808597259567451,499.39000556850834,136.49239620680638,105.75920794600276,EXTREME,/Volumes/Verbatim/SEIZEL_IT2/SUB1/sub-001_ses-01_task-szMonitoring_run-09_eeg.edf,sub-001_ses-01_task-szMonitoring_run-09_eeg.edf,ses-01,BTEleft SD,256.0,810.95
12814080,12816640,50055.0,50065.0,6.638478997386884e-05,0.00064755164940844,0.0031019324025329973,0.0001135449252427138,4.2373007899146584e-07,0.00032220872356527344,1544.2783589065907,59.27416408340068,47.69878956232721,27.01804492987193,428.84632655443863,56.12282389399488,105.62855570019534,EXTREME,/Volumes/Verbatim/SEIZEL_IT2/SUB100/sub-100_ses-01_task-szMonitoring_run-04_eeg.edf,sub-100_ses-01_task-szMonitoring_run-04_eeg.edf,ses-01,BTEleft SD,256.0,1147.6
1592320,1594880,6220.0,6230.0,-0.00014291840889529457,0.0006772707862678208,0.0023549399252307925,4.6278727469100475e-05,4.791213895329949e-07,0.0001618696488076417,1476.5142964959432,40.215557043402285,63.94394408491505,14.300490097173753,412.2410410205117,140.13919340718573,105.5744072954039,EXTREME,/Volumes/Verbatim/SEIZEL_IT2/SUB10/sub-010_ses-01_task-szMonitoring_run-05_eeg.edf,sub-010_ses-01_task-szMonitoring_run-05_eeg.edf,ses-01,BTEright SD,256.0,104.2
5007360,5009920,19560.0,19570.0,-0.00025525547481784533,5.822160615653712e-05,0.000392031464103151,2.0861366451371403e-05,6.854511284793061e-08,2.664908066976047e-05,17175.753965557098,8.283226017250534,12.982843490045424,8.684316827985294,635.7473110277502,18.931160751305057,104.48777389893687,EXTREME,/Volumes/Verbatim/SEIZEL_IT2/SUB1/sub-001_ses-01_task-szMonitoring_run-02_eeg.edf,sub-001_ses-01_task-szMonitoring_run-02_eeg.edf,ses-01,BTEleft SD,256.0,330.26666666666665
6597120,6599680,25770.0,25780.0,7.85358461127643e-05,0.0002230175884154324,0.001009960723277638,5.501341649500268e-06,5.5904723867283e-08,1.113377294065331e-05,4483.951255240328,3.9937463787107896,79.33805259256987,0.9383621481480426,488.66496056493406,129.17915244847353,103.67075351027982,EXTREME,/Volumes/Verbatim/SEIZEL_IT2/SUB1/sub-001_ses-01_task-szMonitoring_run-09_eeg.edf,sub-001_ses-01_task-szMonitoring_run-09_eeg.edf,ses-01,BTEleft SD,256.0,810.95
2343680,2346240,9155.0,9165.0,9.999539177538719e-05,0.00023614406650341801,0.0010779461356527045,1.2362142366674296e-05,6.576309852108389e-08,2.2899253884938547e-05,4234.703037735749,5.639977981705967,33.25205790773496,2.994209970544049,586.2878532955801,63.860045835763145,103.55242844716622,EXTREME,/Volumes/Verbatim/SEIZEL_IT2/SUB1/sub-001_ses-01_task-szMonitoring_run-07_eeg.edf,sub-001_ses-01_task-szMonitoring_run-07_eeg.edf,ses-01,BTEleft SD,256.0,491.96666666666664
5493760,5496320,21460.0,21470.0,-8.31923090714884e-05,0.00021877465557164537,0.0010159666742961776,7.758546959639889e-06,5.478331020913812e-08,1.3456313503130282e-05,4570.913357473448,5.6885113596218755,79.84392752939816,3.024947951194647,478.7789635052108,126.60738399468437,103.04233699723628,EXTREME,/Volumes/Verbatim/SEIZEL_IT2/SUB1/sub-001_ses-01_task-szMonitoring_run-09_eeg.edf,sub-001_ses-01_task-szMonitoring_run-09_eeg.edf,ses-01,BTEleft SD,256.0,810.95
16915200,16917760,66075.0,66085.0,-0.00019393658982318614,0.0006838918704813812,0.002906936751354238,3.1316126580739295e-05,5.05319491382769e-07,0.00016176344512525476,1462.2194555901003,28.844685971852694,44.56818498568042,6.071006848704914,511.6745596606161,59.37024383353756,102.91168678947169,EXTREME,/Volumes/Verbatim/SEIZEL_IT2/SUB100/sub-100_ses-01_task-szMonitoring_run-04_eeg.edf,sub-100_ses-01_task-szMonitoring_run-04_eeg.edf,ses-01,BTEleft SD,256.0,1147.6
17331200,17333760,67700.0,67710.0,-0.00027513419856755943,0.0006363625461607646,0.0027939606317235063,4.4396767471580075e-05,4.806561173776245e-07,0.00019093081641426835,1571.4312610974093,34.376465372530014,42.75438270327193,9.403181066558592,486.6367069367167,55.12294783602676,100.97107645846177,EXTREME,/Volumes/Verbatim/SEIZEL_IT2/SUB100/sub-100_ses-01_task-szMonitoring_run-04_eeg.edf,sub-100_ses-01_task-szMonitoring_run-04_eeg.edf,ses-01,BTEleft SD,256.0,1147.6
19078400,19080960,74525.0,74535.0,0.0001390484050090123,0.0003966854193365746,0.0029909999999999997,5.632167869506752e-05,1.766937808497843e-07,0.00018061453020617855,2520.8892203588744,94.233002920963,141.17107649293584,36.47632909304389,125.16518974901739,135.26782204219177,100.81259280610477,EXTREME,/Volumes/Verbatim/SEIZEL_IT2/SUB10/sub-010_ses-01_task-szMonitoring_run-06_eeg.edf,sub-010_ses-01_task-szMonitoring_run-06_eeg.edf,ses-01,BTEright SD,256.0,1293.5666666666666
7015680,7018240,27405.0,27415.0,-2.126602018482492e-05,0.000460512589148494,0.001524941634241245,7.682453793774317e-06,2.12524088378751e-07,1.2813923463321644e-05,2171.493291155289,4.1412552290284115,64.48638948885949,2.295729429236374,470.4683646568085,151.06898356554686,100.48301616885507,EXTREME,/Volumes/Verbatim/SEIZEL_IT2/SUB100/sub-100_ses-01_task-szMonitoring_run-09_eeg.edf,sub-100_ses-01_task-szMonitoring_run-09_eeg.edf,ses-01,BTEleft SD,256.0,762.8833333333333
2574080,2576640,10055.0,10065.0,1.7200885023270006e-05,0.00020092835089528037,0.0024849597924773022,5.285593957427329e-05,4.0668072639080655e-08,0.00015022244321798452,4976.898434528438,56.24667443977763,80.7028670586682,24.73153913374927,361.7277717025631,53.78781436257621,100.41116448404775,EXTREME,/Volumes/Verbatim/SEIZEL_IT2/SUB1/sub-001_ses-01_task-szMonitoring_run-07_eeg.edf,sub-001_ses-01_task-szMonitoring_run-07_eeg.edf,ses-01,BTEleft SD,256.0,491.96666666666664
4124160,4126720,16110.0,16120.0,-2.6948413180933837e-05,0.00035981615845226915,0.0024109727626459142,2.0795431055447467e-05,1.3019388485631877e-07,0.00010526717337840978,2779.197025287169,61.91232347978277,104.27664461163262,12.893252890677573,287.28642514058896,117.09671937444085,99.90592842691844,EXTREME,/Volumes/Verbatim/SEIZEL_IT2/SUB100/sub-100_ses-01_task-szMonitoring_run-09_eeg.edf,sub-100_ses-01_task-szMonitoring_run-09_eeg.edf,ses-01,BTEleft SD,256.0,762.8833333333333
321280,323840,1255.0,1265.0,6.956856641489281e-05,0.0002242823767619997,0.002265972075989929,9.34341954680705e-06,5.514236995903493e-08,4.399193260678256e-05,4458.665054198612,14.02361017907303,73.31761938104995,1.373740266220557,491.2494307936378,60.46742175655562,99.5806922868309,EXTREME,/Volumes/Verbatim/SEIZEL_IT2/SUB1/sub-001_ses-01_task-szMonitoring_run-07_eeg.edf,sub-001_ses-01_task-szMonitoring_run-07_eeg.edf,ses-01,BTEleft SD,256.0,491.96666666666664
1594880,1597440,6230.0,6240.0,-3.1332014667734886e-05,0.0006191213898060383,0.0024879700465400166,7.045488338173304e-05,3.842929904584997e-07,0.00020964265476426135,1615.1921333199186,52.687212462104256,67.69129085021152,22.91224897900254,330.48607603243244,127.88827658191737,98.9229713906359,EXTREME,/Volumes/Verbatim/SEIZEL_IT2/SUB10/sub-010_ses-01_task-szMonitoring_run-05_eeg.edf,sub-010_ses-01_task-szMonitoring_run-05_eeg.edf,ses-01,BTEright SD,256.0,104.2
1596160,1598720,6235.0,6245.0,-5.1020394219215864e-06,0.0006208353219627445,0.002582991561760891,5.6643240950684745e-05,3.8546252780284755e-07,0.0001940182628414645,1610.7330930009095,48.60829742868942,70.36796711113757,17.992420747911698,331.4943761363317,128.2493678670137,97.23407487900228,EXTREME,/Volumes/Verbatim/SEIZEL_IT2/SUB10/sub-010_ses-01_task-szMonitoring_run-05_eeg.edf,sub-010_ses-01_task-szMonitoring_run-05_eeg.edf,ses-01,BTEright SD,256.0,104.2
2007040,2009600,7840.0,7850.0,6.784523700956544e-05,0.0006156187606105511,0.0027939623865110242,4.426758065823606e-05,3.8358943460055517e-07,0.00020009533405282776,1624.3819427852554,77.82554889843327,99.06824387321933,18.3036926590016,166.85889421928323,204.59057160760736,96.20122071454905,EXTREME,/Volumes/Verbatim/SEIZEL_IT2/SUB100/sub-100_ses-01_task-szMonitoring_run-02_eeg.edf,sub-100_ses-01_task-szMonitoring_run-02_eeg.edf,ses-01,BTEleft SD,256.0,131.36666666666667
2572800,2575360,10050.0,10060.0,1.9034927901121537e-05,0.00019123967111750397,0.0024219510185397117,4.916520943007553e-05,3.693494028933198e-08,0.00014159325884951883,5229.040548582237,52.81686313593575,78.57792868835101,22.750331602489755,328.3222470779288,51.01670425715502,93.10156164315049,EXTREME,/Volumes/Verbatim/SEIZEL_IT2/SUB1/sub-001_ses-01_task-szMonitoring_run-07_eeg.edf,sub-001_ses-01_task-szMonitoring_run-07_eeg.edf,ses-01,BTEleft SD,256.0,491.96666666666664
2295040,2297600,8965.0,8975.0,8.349948594381807e-05,0.00013467259465463406,0.0009609842832074462,1.264303994883459e-05,2.5108871903893242e-08,1.932833856458252e-05,7425.41565445494,12.068758098442816,101.0086064702609,9.164661756631055,364.97160232935505,118.74602576324247,92.87906190556087,EXTREME,/Volumes/Verbatim/SEIZEL_IT2/SUB1/sub-001_ses-01_task-szMonitoring_run-01_eeg.edf,sub-001_ses-01_task-szMonitoring_run-01_eeg.edf,ses-01,BTEleft SD,256.0,1088.65
4080640,4083200,15940.0,15950.0,-2.1650812542916e-05,0.00023436199954641242,0.0015419375906004424,1.177315938048371e-05,5.5394304515161095e-08,2.3097478724761648e-05,4266.903327623552,5.7187657057012995,48.89993017222828,2.678040138984026,493.50383948585454,63.35034752119786,92.67777273423587,EXTREME,/Volumes/Verbatim/SEIZEL_IT2/SUB1/sub-001_ses-01_task-szMonitoring_run-07_eeg.edf,sub-001_ses-01_task-szMonitoring_run-07_eeg.edf,ses-01,BTEleft SD,256.0,491.96666666666664
1521920,1524480,5945.0,5955.0,0.0001702584892256999,0.000661620853082624,0.0023609559624628057,9.767423031347753e-06,4.6673010638719693e-07,6.842209322144508e-05,1511.4396618990472,15.820070729450684,64.11341079996738,1.2948430697785833,401.55807126008943,136.84206495119457,92.5365927133898,EXTREME,/Volumes/Verbatim/SEIZEL_IT2/SUB10/sub-010_ses-01_task-szMonitoring_run-05_eeg.edf,sub-010_ses-01_task-szMonitoring_run-05_eeg.edf,ses-01,BTEright SD,256.0,104.2
2282240,2284800,8915.0,8925.0,-4.46879920438516e-06,0.00016167551492407228,0.000804966598001068,8.401982999303807e-06,2.615894229229303e-08,1.6668938757873137e-05,6185.228445286857,9.721744740949559,83.44013273659624,4.407396155554487,380.566777907055,144.2859400904793,92.48572713286866,EXTREME,/Volumes/Verbatim/SEIZEL_IT2/SUB1/sub-001_ses-01_task-szMonitoring_run-01_eeg.edf,sub-001_ses-01_task-szMonitoring_run-01_eeg.edf,ses-01,BTEleft SD,256.0,1088.65
2293760,2296320,8960.0,8970.0,7.132960359326111e-05,0.00013834119922577972,0.0009609842832074462,1.2936328089236668e-05,2.4226199751998652e-08,1.9535674664703344e-05,7228.504584085943,12.251739459592967,101.0086064702609,9.49364804428109,351.8625504615849,122.21586700680655,91.38952898368433,EXTREME,/Volumes/Verbatim/SEIZEL_IT2/SUB1/sub-001_ses-01_task-szMonitoring_run-01_eeg.edf,sub-001_ses-01_task-szMonitoring_run-01_eeg.edf,ses-01,BTEleft SD,256.0,1088.65
2008320,2010880,7845.0,7855.0,-0.0002521616305933853,0.0005428147341736757,0.0027939623865110242,4.703905236705577e-05,3.5823332357955305e-07,0.00019188789523958354,1842.249178589535,74.44505692847055,99.06824387321933,19.716132692605584,155.4118183715622,179.77311514415362,91.10172950827936,EXTREME,/Volumes/Verbatim/SEIZEL_IT2/SUB100/sub-100_ses-01_task-szMonitoring_run-02_eeg.edf,sub-100_ses-01_task-szMonitoring_run-02_eeg.edf,ses-01,BTEleft SD,256.0,131.36666666666667
2723840,2726400,10640.0,10650.0,-0.000930502424300946,0.00010929058459714944,0.00286595864805066,2.9411541828793783e-05,8.777791935115244e-07,0.00011428304122263969,9149.918948060633,20.543822051582108,64.805191691606,5.360514769289125,434.073957735414,10.716589174021543,87.40623158794702,EXTREME,/Volumes/Verbatim/SEIZEL_IT2/SUB100/sub-100_ses-01_task-szMonitoring_run-07_eeg.edf,sub-100_ses-01_task-szMonitoring_run-07_eeg.edf,ses-01,BTEleft SD,256.0,178.65
9020160,9022720,35235.0,35245.0,-0.00027680393524214154,0.00041408254757423863,0.002296945265888456,1.320909874613756e-05,2.4808477477110723e-07,6.976810710633036e-05,2414.9774083529514,24.775080606608963,78.96963825387877,4.355905645000102,331.36323644567244,106.77578362547253,85.71845082148702,EXTREME,/Volumes/Verbatim/SEIZEL_IT2/SUB10/sub-010_ses-01_task-szMonitoring_run-04_eeg.edf,sub-010_ses-01_task-szMonitoring_run-04_eeg.edf,ses-01,BTEright SD,256.0,1306.6666666666667
1920000,1922560,7500.0,7510.0,0.00033078933891479733,0.0006131802515359938,0.002738942504005493,6.200074185668916e-05,4.854116076134332e-07,0.00021842313893437573,1630.841821575622,63.54864169187639,56.718213079425915,23.537498845124038,253.14555833253792,92.17842700903499,85.48284342785092,EXTREME,/Volumes/Verbatim/SEIZEL_IT2/SUB10/sub-010_ses-01_task-szMonitoring_run-07_eeg.edf,sub-010_ses-01_task-szMonitoring_run-07_eeg.edf,ses-01,BTEright SD,256.0,126.31666666666666
1920000,1922560,7500.0,7510.0,0.00033078933891479733,0.0006131802515359938,0.002738942504005493,6.200074185668916e-05,4.854116076134332e-07,0.00021842313893437573,1630.841821575622,63.54864169187639,56.718213079425915,23.537498845124038,253.14555833253792,92.17842700903499,85.48284342785092,EXTREME,/Volumes/Verbatim/SEIZEL_IT2/SUB10/sub-010_ses-01_task-szMonitoring_run-07_eeg (2).edf,sub-010_ses-01_task-szMonitoring_run-07_eeg (2).edf,ses-01,BTEright SD,256.0,126.31666666666666
1920000,1922560,7500.0,7510.0,0.00033078933891479733,0.0006131802515359938,0.002738942504005493,6.200074185668916e-05,4.854116076134332e-07,0.00021842313893437573,1630.841821575622,63.54864169187639,56.718213079425915,23.537498845124038,253.14555833253792,92.17842700903499,85.48284342785092,EXTREME,/Volumes/Verbatim/SEIZEL_IT2/SUB10/sub-010_ses-01_task-szMonitoring_run-07_eeg (1).edf,sub-010_ses-01_task-szMonitoring_run-07_eeg (1).edf,ses-01,BTEright SD,256.0,126.31666666666666
7450880,7453440,29105.0,29115.0,0.00040638962183852143,0.0002109331623147267,0.0008199610894941634,8.052225194552527e-06,2.0964532370214725e-07,1.574821239958911e-05,4740.838208110176,5.974798198693954,32.82682942059707,2.594567825499791,464.06320987388153,66.86760555802003,85.47170085564647,EXTREME,/Volumes/Verbatim/SEIZEL_IT2/SUB100/sub-100_ses-01_task-szMonitoring_run-09_eeg.edf,sub-100_ses-01_task-szMonitoring_run-09_eeg.edf,ses-01,BTEleft SD,256.0,762.8833333333333
773120,775680,3020.0,3030.0,7.697906397225723e-05,0.0009350709556308767,0.003443,0.00020216292645389866,8.802834683544861e-07,0.0004927642198458983,1069.4375575550619,132.25997993546503,23.37631848657173,65.17567880329013,109.4326036117496,35.3093131995831,83.94721429710589,EXTREME,/Volumes/Verbatim/SEIZEL_IT2/SUB10/sub-010_ses-01_task-szMonitoring_run-10_eeg.edf,sub-010_ses-01_task-szMonitoring_run-10_eeg.edf,ses-01,BTEright SD,256.0,213.85
1909760,1912320,7460.0,7470.0,-5.266403970087556e-05,0.0006172242175804573,0.002342953444724193,0.0001050847152344644,3.837392358454231e-07,0.0002448372136877607,1620.1567759280115,71.51031622975306,48.24425279464127,41.612088703424426,199.17583407115828,92.79940396252064,82.15619448695251,EXTREME,/Volumes/Verbatim/SEIZEL_IT2/SUB10/sub-010_ses-01_task-szMonitoring_run-07_eeg (2).edf,sub-010_ses-01_task-szMonitoring_run-07_eeg (2).edf,ses-01,BTEright SD,256.0,126.31666666666666
1909760,1912320,7460.0,7470.0,-5.266403970087556e-05,0.0006172242175804573,0.002342953444724193,0.0001050847152344644,3.837392358454231e-07,0.0002448372136877607,1620.1567759280115,71.51031622975306,48.24425279464127,41.612088703424426,199.17583407115828,92.79940396252064,82.15619448695251,EXTREME,/Volumes/Verbatim/SEIZEL_IT2/SUB10/sub-010_ses-01_task-szMonitoring_run-07_eeg.edf,sub-010_ses-01_task-szMonitoring_run-07_eeg.edf,ses-01,BTEright SD,256.0,126.31666666666666
1909760,1912320,7460.0,7470.0,-5.266403970087556e-05,0.0006172242175804573,0.002342953444724193,0.0001050847152344644,3.837392358454231e-07,0.0002448372136877607,1620.1567759280115,71.51031622975306,48.24425279464127,41.612088703424426,199.17583407115828,92.79940396252064,82.15619448695251,EXTREME,/Volumes/Verbatim/SEIZEL_IT2/SUB10/sub-010_ses-01_task-szMonitoring_run-07_eeg (1).edf,sub-010_ses-01_task-szMonitoring_run-07_eeg (1).edf,ses-01,BTEright SD,256.0,126.31666666666666
774400,776960,3025.0,3035.0,-9.06777867146372e-05,0.0009493221942159717,0.0029609747463187606,0.000198977389670119,9.094350894344924e-07,0.00047130605646307017,1053.3831454056533,126.08350399363661,19.312932128950983,63.99525882402608,113.11464032454089,35.91562940556563,81.34962357760591,EXTREME,/Volumes/Verbatim/SEIZEL_IT2/SUB10/sub-010_ses-01_task-szMonitoring_run-10_eeg.edf,sub-010_ses-01_task-szMonitoring_run-10_eeg.edf,ses-01,BTEright SD,256.0,213.85
775680,778240,3030.0,3040.0,0.00013274619257004844,0.000942598325311838,0.002856951857785916,0.00020790602093585485,9.061131545225259e-07,0.000466214695260833,1060.897279451748,124.61801650452831,18.436037852320027,67.30381730221484,112.69505863919326,35.629563695617996,81.23149197293267,EXTREME,/Volumes/Verbatim/SEIZEL_IT2/SUB10/sub-010_ses-01_task-szMonitoring_run-10_eeg.edf,sub-010_ses-01_task-szMonitoring_run-10_eeg.edf,ses-01,BTEright SD,256.0,213.85
19847680,19850240,77530.0,77540.0,0.0001687440943651292,0.000519440522538345,0.002352956511787594,1.212904468986038e-05,2.982930258380165e-07,4.818332172118525e-05,1925.1482213751085,22.80063869706902,110.355686542569,5.268902548892927,215.30108847882852,178.21765856484524,81.22207049057535,EXTREME,/Volumes/Verbatim/SEIZEL_IT2/SUB10/sub-010_ses-01_task-szMonitoring_run-06_eeg.edf,sub-010_ses-01_task-szMonitoring_run-06_eeg.edf,ses-01,BTEright SD,256.0,1293.5666666666666
19077120,19079680,74520.0,74530.0,0.00014376988902637893,0.000271512651259615,0.0029909999999999997,3.4751930129177157e-05,9.438890078468263e-08,0.00016143587288402927,3683.0696163794973,83.88818427259841,141.17107649293584,21.244461631454822,64.15638714308679,91.47208739842098,80.6146389315927,EXTREME,/Volumes/Verbatim/SEIZEL_IT2/SUB10/sub-010_ses-01_task-szMonitoring_run-06_eeg.edf,sub-010_ses-01_task-szMonitoring_run-06_eeg.edf,ses-01,BTEright SD,256.0,1293.5666666666666
1889280,1891840,7380.0,7390.0,0.0008794738845237753,0.00010172909851735435,0.0023159928587777523,2.37520124206054e-05,7.838231230444925e-07,6.0258621812429866e-05,9830.029015733166,15.875027509953052,47.66731025239197,7.4913906763975175,411.54834685981405,13.641818302081113,79.68443367342168,EXTREME,/Volumes/Verbatim/SEIZEL_IT2/SUB10/sub-010_ses-01_task-szMonitoring_run-07_eeg (2).edf,sub-010_ses-01_task-szMonitoring_run-07_eeg (2).edf,ses-01,BTEright SD,256.0,126.31666666666666
1889280,1891840,7380.0,7390.0,0.0008794738845237753,0.00010172909851735435,0.0023159928587777523,2.37520124206054e-05,7.838231230444925e-07,6.0258621812429866e-05,9830.029015733166,15.875027509953052,47.66731025239197,7.4913906763975175,411.54834685981405,13.641818302081113,79.68443367342168,EXTREME,/Volumes/Verbatim/SEIZEL_IT2/SUB10/sub-010_ses-01_task-szMonitoring_run-07_eeg.edf,sub-010_ses-01_task-szMonitoring_run-07_eeg.edf,ses-01,BTEright SD,256.0,126.31666666666666
1889280,1891840,7380.0,7390.0,0.0008794738845237753,0.00010172909851735435,0.0023159928587777523,2.37520124206054e-05,7.838231230444925e-07,6.0258621812429866e-05,9830.029015733166,15.875027509953052,47.66731025239197,7.4913906763975175,411.54834685981405,13.641818302081113,79.68443367342168,EXTREME,/Volumes/Verbatim/SEIZEL_IT2/SUB10/sub-010_ses-01_task-szMonitoring_run-07_eeg (1).edf,sub-010_ses-01_task-szMonitoring_run-07_eeg (1).edf,ses-01,BTEright SD,256.0,126.31666666666666
14548480,14551040,56830.0,56840.0,-6.517264850723857e-05,0.0003734675399121923,0.0023559230945296404,4.242445085402838e-05,1.4372547748151304e-07,0.0001348426107221689,2677.6088694549085,69.54398542114137,110.49896267610076,26.662550693560913,100.72731059949004,127.14429723816943,79.59622388507226,EXTREME,/Volumes/Verbatim/SEIZEL_IT2/SUB10/sub-010_ses-01_task-szMonitoring_run-06_eeg.edf,sub-010_ses-01_task-szMonitoring_run-06_eeg.edf,ses-01,BTEright SD,256.0,1293.5666666666666
3566080,3568640,13930.0,13940.0,5.774747068002774e-05,0.00013780348691860036,0.0005849365377279315,1.419402600351911e-05,2.2324571376865527e-08,1.9291819915149035e-05,7256.710371443527,12.03652911286428,58.663503539644026,10.904429152708216,323.6204166757435,121.707287707937,78.84016300012817,EXTREME,/Volumes/Verbatim/SEIZEL_IT2/SUB1/sub-001_ses-01_task-szMonitoring_run-01_eeg.edf,sub-001_ses-01_task-szMonitoring_run-01_eeg.edf,ses-01,BTEleft SD,256.0,1088.65
1911040,1913600,7465.0,7475.0,-4.127913611882018e-05,0.0006158880923915873,0.002403941954680705,8.441290476939801e-05,3.810221094284644e-07,0.00022201602482694596,1623.671590228634,64.63160175750227,49.549375244583864,32.939850130894456,197.73352913662632,92.59423336016214,78.03835839673162,EXTREME,/Volumes/Verbatim/SEIZEL_IT2/SUB10/sub-010_ses-01_task-szMonitoring_run-07_eeg (1).edf,sub-010_ses-01_task-szMonitoring_run-07_eeg (1).edf,ses-01,BTEright SD,256.0,126.31666666666666
1911040,1913600,7465.0,7475.0,-4.127913611882018e-05,0.0006158880923915873,0.002403941954680705,8.441290476939801e-05,3.810221094284644e-07,0.00022201602482694596,1623.671590228634,64.63160175750227,49.549375244583864,32.939850130894456,197.73352913662632,92.59423336016214,78.03835839673162,EXTREME,/Volumes/Verbatim/SEIZEL_IT2/SUB10/sub-010_ses-01_task-szMonitoring_run-07_eeg (2).edf,sub-010_ses-01_task-szMonitoring_run-07_eeg (2).edf,ses-01,BTEright SD,256.0,126.31666666666666
1911040,1913600,7465.0,7475.0,-4.127913611882018e-05,0.0006158880923915873,0.002403941954680705,8.441290476939801e-05,3.810221094284644e-07,0.00022201602482694596,1623.671590228634,64.63160175750227,49.549375244583864,32.939850130894456,197.73352913662632,92.59423336016214,78.03835839673162,EXTREME,/Volumes/Verbatim/SEIZEL_IT2/SUB10/sub-010_ses-01_task-szMonitoring_run-07_eeg.edf,sub-010_ses-01_task-szMonitoring_run-07_eeg.edf,ses-01,BTEright SD,256.0,126.31666666666666
771840,774400,3015.0,3025.0,0.0006544512487959679,0.0006639648239470347,0.003443,0.00017906852357042036,8.691557244896184e-07,0.0004643220931472472,1506.103881451508,124.07325359945271,23.37631848657173,56.61790772004878,108.02709819136382,23.775154943818386,78.00606422421896,EXTREME,/Volumes/Verbatim/SEIZEL_IT2/SUB10/sub-010_ses-01_task-szMonitoring_run-10_eeg.edf,sub-010_ses-01_task-szMonitoring_run-10_eeg.edf,ses-01,BTEright SD,256.0,213.85
1597440,1600000,6240.0,6250.0,-2.2403593517538436e-05,0.0005310701471029216,0.0026109999999999996,3.7086497732604715e-05,2.8253742214641786e-07,0.0001593092954098394,1882.9904176918633,39.54714933724938,71.1569412878382,11.026137203225275,242.75894991949343,109.33763777302863,77.62572423147685,EXTREME,/Volumes/Verbatim/SEIZEL_IT2/SUB10/sub-010_ses-01_task-szMonitoring_run-05_eeg.edf,sub-010_ses-01_task-szMonitoring_run-05_eeg.edf,ses-01,BTEright SD,256.0,104.2
19846400,19848960,77525.0,77535.0,6.151475047922853e-05,0.0005127151231580835,0.002352956511787594,1.1481691408932248e-05,2.666608620415304e-07,4.839385842637893e-05,1950.400822761128,22.91420055895898,110.355686542569,4.811762339501936,191.85362782361807,175.86456043370683,77.41796018896324,EXTREME,/Volumes/Verbatim/SEIZEL_IT2/SUB10/sub-010_ses-01_task-szMonitoring_run-06_eeg.edf,sub-010_ses-01_task-szMonitoring_run-06_eeg.edf,ses-01,BTEright SD,256.0,1293.5666666666666
1520640,1523200,5940.0,5950.0,-0.00010474779187051773,0.0005641067552052904,0.002319959258411535,2.6691651944094757e-05,3.291885311699907e-07,0.0001082846406290559,1772.714098882515,26.226616129395442,62.95856808613388,7.323401918594431,282.97854470439637,116.29779149220109,77.31227050111363,EXTREME,/Volumes/Verbatim/SEIZEL_IT2/SUB10/sub-010_ses-01_task-szMonitoring_run-05_eeg.edf,sub-010_ses-01_task-szMonitoring_run-05_eeg.edf,ses-01,BTEright SD,256.0,104.2
2725120,2727680,10645.0,10655.0,-0.0008751487852030404,0.00010053838881674083,0.00286595864805066,2.4264911855306327e-05,7.759933638682233e-07,8.14725927802632e-05,9946.449329681707,13.865163002123088,64.805191691606,3.947360249816528,382.87048324237963,9.64703108635022,76.99859303401955,EXTREME,/Volumes/Verbatim/SEIZEL_IT2/SUB100/sub-100_ses-01_task-szMonitoring_run-07_eeg.edf,sub-100_ses-01_task-szMonitoring_run-07_eeg.edf,ses-01,BTEleft SD,256.0,178.65
1881600,1884160,7350.0,7360.0,5.949794863312535e-05,0.0006545686829181712,0.0027679534905012586,4.990133366831655e-05,4.3200016654877933e-07,0.00017645002208447886,1527.7235599083622,50.89719359766208,57.339033128933664,18.461554743696105,224.79369935122446,98.5338864136562,76.54657887775697,EXTREME,/Volumes/Verbatim/SEIZEL_IT2/SUB10/sub-010_ses-01_task-szMonitoring_run-07_eeg.edf,sub-010_ses-01_task-szMonitoring_run-07_eeg.edf,ses-01,BTEright SD,256.0,126.31666666666666
1881600,1884160,7350.0,7360.0,5.949794863312535e-05,0.0006545686829181712,0.0027679534905012586,4.990133366831655e-05,4.3200016654877933e-07,0.00017645002208447886,1527.7235599083622,50.89719359766208,57.339033128933664,18.461554743696105,224.79369935122446,98.5338864136562,76.54657887775697,EXTREME,/Volumes/Verbatim/SEIZEL_IT2/SUB10/sub-010_ses-01_task-szMonitoring_run-07_eeg (2).edf,sub-010_ses-01_task-szMonitoring_run-07_eeg (2).edf,ses-01,BTEright SD,256.0,126.31666666666666
1881600,1884160,7350.0,7360.0,5.949794863312535e-05,0.0006545686829181712,0.0027679534905012586,4.990133366831655e-05,4.3200016654877933e-07,0.00017645002208447886,1527.7235599083622,50.89719359766208,57.339033128933664,18.461554743696105,224.79369935122446,98.5338864136562,76.54657887775697,EXTREME,/Volumes/Verbatim/SEIZEL_IT2/SUB10/sub-010_ses-01_task-szMonitoring_run-07_eeg (1).edf,sub-010_ses-01_task-szMonitoring_run-07_eeg (1).edf,ses-01,BTEright SD,256.0,126.31666666666666
1523200,1525760,5950.0,5960.0,0.0002255811620698862,0.0005715450865389522,0.0023269713282978556,3.5104237120431825e-06,3.7755064662761865e-07,4.4591471038835636e-05,1749.6432421560223,9.598831300961297,63.15609220434059,-0.933954992921798,324.67325952165027,117.86489939068748,76.2914972649365,EXTREME,/Volumes/Verbatim/SEIZEL_IT2/SUB10/sub-010_ses-01_task-szMonitoring_run-05_eeg.edf,sub-010_ses-01_task-szMonitoring_run-05_eeg.edf,ses-01,BTEright SD,256.0,104.2
19079680,19082240,74530.0,74540.0,-0.00013327335435025183,0.00041555073298947726,0.0024059442435339896,3.443879876330395e-05,1.9044419866785963e-07,8.345163201516472e-05,2406.445033557136,41.8240910637846,112.91481871226686,21.02333826284081,135.3577387904409,141.86846117007335,75.91657020291962,EXTREME,/Volumes/Verbatim/SEIZEL_IT2/SUB10/sub-010_ses-01_task-szMonitoring_run-06_eeg.edf,sub-010_ses-01_task-szMonitoring_run-06_eeg.edf,ses-01,BTEright SD,256.0,1293.5666666666666
14547200,14549760,56825.0,56835.0,-7.500904531571877e-05,0.0003409467025056444,0.0023559230945296404,3.792806343342298e-05,1.2187101082864794e-07,0.00013411023578023467,2933.0097335387345,69.14894807156809,110.49896267610076,23.487345519638634,84.52760481013816,115.76583219875525,75.25511740559297,EXTREME,/Volumes/Verbatim/SEIZEL_IT2/SUB10/sub-010_ses-01_task-szMonitoring_run-06_eeg.edf,sub-010_ses-01_task-szMonitoring_run-06_eeg.edf,ses-01,BTEright SD,256.0,1293.5666666666666
9017600,9020160,35225.0,35235.0,-5.932809284876393e-05,0.0003969097419238442,0.002506961745632105,2.0896627780003052e-05,1.6105716583512414e-07,0.00010577164464366775,2519.4644823618546,38.84795119493294,86.45045604063715,8.427412884960344,214.75352691048826,102.21982031206001,75.00736777112526,EXTREME,/Volumes/Verbatim/SEIZEL_IT2/SUB10/sub-010_ses-01_task-szMonitoring_run-04_eeg.edf,sub-010_ses-01_task-szMonitoring_run-04_eeg.edf,ses-01,BTEright SD,256.0,1306.6666666666667
10949120,10951680,42770.0,42780.0,0.00019520931116245136,0.00033491577956314974,0.0011089494163424123,1.3335329523346301e-05,1.5027525456491108e-07,2.1917777897302082e-05,2985.825267231461,9.829961643713187,45.80483762387475,6.864217726996672,331.96679873349433,108.69600204780856,74.6389176602789,EXTREME,/Volumes/Verbatim/SEIZEL_IT2/SUB100/sub-100_ses-01_task-szMonitoring_run-09_eeg.edf,sub-100_ses-01_task-szMonitoring_run-09_eeg.edf,ses-01,BTEleft SD,256.0,762.8833333333333
1882880,1885440,7355.0,7365.0,-0.00016921455322656793,0.0006224348456731257,0.002791947539482719,4.877466992232204e-05,4.160587021317948e-07,0.00017455213813854698,1606.5938553166422,50.325137433316044,57.85249332025586,17.98889673375564,216.33165185546662,93.59952936494875,74.59177682727778,EXTREME,/Volumes/Verbatim/SEIZEL_IT2/SUB10/sub-010_ses-01_task-szMonitoring_run-07_eeg (1).edf,sub-010_ses-01_task-szMonitoring_run-07_eeg (1).edf,ses-01,BTEright SD,256.0,126.31666666666666
1882880,1885440,7355.0,7365.0,-0.00016921455322656793,0.0006224348456731257,0.002791947539482719,4.877466992232204e-05,4.160587021317948e-07,0.00017455213813854698,1606.5938553166422,50.325137433316044,57.85249332025586,17.98889673375564,216.33165185546662,93.59952936494875,74.59177682727778,EXTREME,/Volumes/Verbatim/SEIZEL_IT2/SUB10/sub-010_ses-01_task-szMonitoring_run-07_eeg (2).edf,sub-010_ses-01_task-szMonitoring_run-07_eeg (2).edf,ses-01,BTEright SD,256.0,126.31666666666666
1882880,1885440,7355.0,7365.0,-0.00016921455322656793,0.0006224348456731257,0.002791947539482719,4.877466992232204e-05,4.160587021317948e-07,0.00017455213813854698,1606.5938553166422,50.325137433316044,57.85249332025586,17.98889673375564,216.33165185546662,93.59952936494875,74.59177682727778,EXTREME,/Volumes/Verbatim/SEIZEL_IT2/SUB10/sub-010_ses-01_task-szMonitoring_run-07_eeg.edf,sub-010_ses-01_task-szMonitoring_run-07_eeg.edf,ses-01,BTEright SD,256.0,126.31666666666666
1908480,1911040,7455.0,7465.0,-5.095562251444844e-05,0.0005901513919415835,0.0023649843442435335,8.223237740329593e-05,3.508751408764235e-07,0.00021685701225967072,1694.4804535926694,63.07658310244991,48.71570260667346,32.02507522210144,181.73091651160976,88.64219774401333,74.34881690275525,EXTREME,/Volumes/Verbatim/SEIZEL_IT2/SUB10/sub-010_ses-01_task-szMonitoring_run-07_eeg (2).edf,sub-010_ses-01_task-szMonitoring_run-07_eeg (2).edf,ses-01,BTEright SD,256.0,126.31666666666666
1908480,1911040,7455.0,7465.0,-5.095562251444844e-05,0.0005901513919415835,0.0023649843442435335,8.223237740329593e-05,3.508751408764235e-07,0.00021685701225967072,1694.4804535926694,63.07658310244991,48.71570260667346,32.02507522210144,181.73091651160976,88.64219774401333,74.34881690275525,EXTREME,/Volumes/Verbatim/SEIZEL_IT2/SUB10/sub-010_ses-01_task-szMonitoring_run-07_eeg.edf,sub-010_ses-01_task-szMonitoring_run-07_eeg.edf,ses-01,BTEright SD,256.0,126.31666666666666
1908480,1911040,7455.0,7465.0,-5.095562251444844e-05,0.0005901513919415835,0.0023649843442435335,8.223237740329593e-05,3.508751408764235e-07,0.00021685701225967072,1694.4804535926694,63.07658310244991,48.71570260667346,32.02507522210144,181.73091651160976,88.64219774401333,74.34881690275525,EXTREME,/Volumes/Verbatim/SEIZEL_IT2/SUB10/sub-010_ses-01_task-szMonitoring_run-07_eeg (1).edf,sub-010_ses-01_task-szMonitoring_run-07_eeg (1).edf,ses-01,BTEright SD,256.0,126.31666666666666
62720,65280,245.0,255.0,-0.0003377178501945525,0.00039018483781731093,0.0013329888456549937,1.6456001641536966e-05,2.6629755400255144e-07,3.396078402504613e-05,2562.8878944427966,6.101394981778061,14.260984517985051,3.5508383922970004,436.37694161547086,31.48999016325233,74.3033930843246,EXTREME,/Volumes/Verbatim/SEIZEL_IT2/SUB10/sub-010_ses-01_task-szMonitoring_run-08_eeg (1).edf,sub-010_ses-01_task-szMonitoring_run-08_eeg (1).edf,ses-01,BTEright SD,256.0,227.28333333333333
62720,65280,245.0,255.0,-0.0003377178501945525,0.00039018483781731093,0.0013329888456549937,1.6456001641536966e-05,2.6629755400255144e-07,3.396078402504613e-05,2562.8878944427966,6.101394981778061,14.260984517985051,3.5508383922970004,436.37694161547086,31.48999016325233,74.3033930843246,EXTREME,/Volumes/Verbatim/SEIZEL_IT2/SUB10/sub-010_ses-01_task-szMonitoring_run-08_eeg.edf,sub-010_ses-01_task-szMonitoring_run-08_eeg.edf,ses-01,BTEright SD,256.0,227.28333333333333
1972480,1975040,7705.0,7715.0,0.000846998140604734,9.366359839735586e-05,0.002314993514915694,1.872160242380026e-05,7.26178719852618e-07,5.1181128173175446e-05,10676.506203414496,16.490546756570748,81.1421755983722,5.284558369783274,321.5216313262735,26.666353016039587,73.95191815897584,EXTREME,/Volumes/Verbatim/SEIZEL_IT2/SUB100/sub-100_ses-01_task-szMonitoring_run-02_eeg.edf,sub-100_ses-01_task-szMonitoring_run-02_eeg.edf,ses-01,BTEleft SD,256.0,131.36666666666667
1912320,1914880,7470.0,7480.0,-4.939774753590647e-05,0.000617667370454161,0.0024249258411535818,6.317218994978828e-05,3.8395311798537886e-07,0.00019403274207836158,1618.9943749913834,56.19693986509368,49.99841952099473,24.028944785761833,199.2893669800215,92.86745293187776,73.6545521543251,EXTREME,/Volumes/Verbatim/SEIZEL_IT2/SUB10/sub-010_ses-01_task-szMonitoring_run-07_eeg (1).edf,sub-010_ses-01_task-szMonitoring_run-07_eeg (1).edf,ses-01,BTEright SD,256.0,126.31666666666666
1912320,1914880,7470.0,7480.0,-4.939774753590647e-05,0.000617667370454161,0.0024249258411535818,6.317218994978828e-05,3.8395311798537886e-07,0.00019403274207836158,1618.9943749913834,56.19693986509368,49.99841952099473,24.028944785761833,199.2893669800215,92.86745293187776,73.6545521543251,EXTREME,/Volumes/Verbatim/SEIZEL_IT2/SUB10/sub-010_ses-01_task-szMonitoring_run-07_eeg.edf,sub-010_ses-01_task-szMonitoring_run-07_eeg.edf,ses-01,BTEright SD,256.0,126.31666666666666
1912320,1914880,7470.0,7480.0,-4.939774753590647e-05,0.000617667370454161,0.0024249258411535818,6.317218994978828e-05,3.8395311798537886e-07,0.00019403274207836158,1618.9943749913834,56.19693986509368,49.99841952099473,24.028944785761833,199.2893669800215,92.86745293187776,73.6545521543251,EXTREME,/Volumes/Verbatim/SEIZEL_IT2/SUB10/sub-010_ses-01_task-szMonitoring_run-07_eeg (2).edf,sub-010_ses-01_task-szMonitoring_run-07_eeg (2).edf,ses-01,BTEright SD,256.0,126.31666666666666
1591040,1593600,6215.0,6225.0,-0.00026945316782063023,0.0004854919268207398,0.002315935286488136,2.455889702306019e-05,3.083074206566873e-07,0.00011772397702951544,2059.7664815741987,28.690856103631976,62.84521617739028,6.563695900799168,264.9761901820318,99.73521677304889,73.64353225651874,EXTREME,/Volumes/Verbatim/SEIZEL_IT2/SUB10/sub-010_ses-01_task-szMonitoring_run-05_eeg.edf,sub-010_ses-01_task-szMonitoring_run-05_eeg.edf,ses-01,BTEright SD,256.0,104.2
1923840,1926400,7515.0,7525.0,-0.0008339510201132983,0.00011235904192176773,0.0022319700617990388,2.3826993823672465e-05,7.080988582495882e-07,5.562814792197751e-05,8900.040210348448,14.479319864838853,45.86926601878007,7.522846876956221,371.3523956902895,15.274114369461476,72.97645532233044,EXTREME,/Volumes/Verbatim/SEIZEL_IT2/SUB10/sub-010_ses-01_task-szMonitoring_run-07_eeg (2).edf,sub-010_ses-01_task-szMonitoring_run-07_eeg (2).edf,ses-01,BTEright SD,256.0,126.31666666666666
1923840,1926400,7515.0,7525.0,-0.0008339510201132983,0.00011235904192176773,0.0022319700617990388,2.3826993823672465e-05,7.080988582495882e-07,5.562814792197751e-05,8900.040210348448,14.479319864838853,45.86926601878007,7.522846876956221,371.3523956902895,15.274114369461476,72.97645532233044,EXTREME,/Volumes/Verbatim/SEIZEL_IT2/SUB10/sub-010_ses-01_task-szMonitoring_run-07_eeg (1).edf,sub-010_ses-01_task-szMonitoring_run-07_eeg (1).edf,ses-01,BTEright SD,256.0,126.31666666666666
1923840,1926400,7515.0,7525.0,-0.0008339510201132983,0.00011235904192176773,0.0022319700617990388,2.3826993823672465e-05,7.080988582495882e-07,5.562814792197751e-05,8900.040210348448,14.479319864838853,45.86926601878007,7.522846876956221,371.3523956902895,15.274114369461476,72.97645532233044,EXTREME,/Volumes/Verbatim/SEIZEL_IT2/SUB10/sub-010_ses-01_task-szMonitoring_run-07_eeg.edf,sub-010_ses-01_task-szMonitoring_run-07_eeg.edf,ses-01,BTEright SD,256.0,126.31666666666666
2009600,2012160,7850.0,7860.0,-0.00023651433811608304,0.0003329875460883615,0.002835,5.7912360165369646e-05,1.6681973798443753e-07,0.00018866856385128,3003.115307896605,73.1190739812389,100.60413295676231,25.257555029035434,68.99770578242517,108.24716582497354,71.9383859404543,EXTREME,/Volumes/Verbatim/SEIZEL_IT2/SUB100/sub-100_ses-01_task-szMonitoring_run-02_eeg.edf,sub-100_ses-01_task-szMonitoring_run-02_eeg.edf,ses-01,BTEleft SD,256.0,131.36666666666667
8730880,8733440,34105.0,34115.0,0.0002418055184431505,0.0003841837739859096,0.0023629516136415654,1.2931038227426182e-05,2.0606708094361727e-07,7.098414460034988e-05,2602.920958951679,35.099225285090256,110.8384169001606,5.835244768040115,146.9382591695907,130.89371774778465,70.74957183363881,EXTREME,/Volumes/Verbatim/SEIZEL_IT2/SUB10/sub-010_ses-01_task-szMonitoring_run-06_eeg.edf,sub-010_ses-01_task-szMonitoring_run-06_eeg.edf,ses-01,BTEright SD,256.0,1293.5666666666666
2010880,2013440,7855.0,7865.0,0.00014660736614380667,0.00032744321552855856,0.002835,5.120764429312581e-05,1.287127792033062e-07,0.00019083242979491075,3053.96462507808,74.01033026873209,100.60413295676231,21.840594617077887,51.79422977885819,106.35721290586943,68.79741686623994,EXTREME,/Volumes/Verbatim/SEIZEL_IT2/SUB100/sub-100_ses-01_task-szMonitoring_run-02_eeg.edf,sub-100_ses-01_task-szMonitoring_run-02_eeg.edf,ses-01,BTEleft SD,256.0,131.36666666666667
4138240,4140800,16165.0,16175.0,4.691263375486384e-05,0.0003459996228548486,0.0014349805447470816,9.812545598249026e-06,1.2191653422151547e-07,1.4760554442219552e-05,2890.1765523869853,5.357642443585277,60.446379395150316,4.017207124383697,268.8695977981672,112.435392311743,66.34187106006102,EXTREME,/Volumes/Verbatim/SEIZEL_IT2/SUB100/sub-100_ses-01_task-szMonitoring_run-09_eeg.edf,sub-100_ses-01_task-szMonitoring_run-09_eeg.edf,ses-01,BTEleft SD,256.0,762.8833333333333
10950400,10952960,42775.0,42785.0,-3.3690418287937554e-06,0.0003409145000254364,0.0010829571984435796,1.9467716439688715e-05,1.1623404677043748e-07,3.0004370909023512e-05,2933.2867830265386,14.883014048310061,44.63756827154008,11.820232896070612,256.22625394585395,110.71980879988878,66.00653412229764,EXTREME,/Volumes/Verbatim/SEIZEL_IT2/SUB100/sub-100_ses-01_task-szMonitoring_run-09_eeg.edf,sub-100_ses-01_task-szMonitoring_run-09_eeg.edf,ses-01,BTEleft SD,256.0,762.8833333333333
776960,779520,3035.0,3045.0,-0.00034522722102216377,0.000838753575032739,0.0027269232471198593,0.00014474253004119936,8.226893937648866e-07,0.0003652517761971613,1192.2452894090159,95.55704658421502,17.339920006531322,43.89820259019461,102.15810259871368,31.21150875783335,64.13745708941082,EXTREME,/Volumes/Verbatim/SEIZEL_IT2/SUB10/sub-010_ses-01_task-szMonitoring_run-10_eeg.edf,sub-010_ses-01_task-szMonitoring_run-10_eeg.edf,ses-01,BTEright SD,256.0,213.85
1967360,1969920,7685.0,7695.0,1.0820626621271074e-05,0.0005335348189936946,0.002431977950713359,1.6516476167315175e-05,2.847764890391114e-07,7.91031330908231e-05,1874.2919159649564,27.99110320994955,85.52047888187907,4.160748015198329,122.24955796729695,176.60977511702743,63.731542709695105,EXTREME,/Volumes/Verbatim/SEIZEL_IT2/SUB100/sub-100_ses-01_task-szMonitoring_run-02_eeg.edf,sub-100_ses-01_task-szMonitoring_run-02_eeg.edf,ses-01,BTEleft SD,256.0,131.36666666666667
7636480,7639040,29830.0,29840.0,0.0001920932028210117,0.0003001666874885163,0.0009729571984435797,1.0172574173151751e-05,1.2699983884786294e-07,1.5342053048205148e-05,3331.482267521027,5.721002257166368,39.697642434638794,4.308171654648889,280.17977997635643,96.97259409582469,62.5277400139017,EXTREME,/Volumes/Verbatim/SEIZEL_IT2/SUB100/sub-100_ses-01_task-szMonitoring_run-09_eeg.edf,sub-100_ses-01_task-szMonitoring_run-09_eeg.edf,ses-01,BTEleft SD,256.0,762.8833333333333
8188160,8190720,31985.0,31995.0,0.00012047572720564397,0.000542553790704105,0.0025789505149919887,8.344524375691424e-05,3.0887901665312246e-07,0.000245043400466743,1843.1352158817358,47.453597955003325,68.02248203950514,18.138495970723977,136.41975134064543,76.46994264820853,61.95091185221465,EXTREME,/Volumes/Verbatim/SEIZEL_IT2/SUB100/sub-100_ses-01_task-szMonitoring_run-06_eeg.edf,sub-100_ses-01_task-szMonitoring_run-06_eeg.edf,ses-01,BTEleft SD,256.0,1221.95
1977600,1980160,7725.0,7735.0,-0.000881755765645266,6.228261197607893e-05,0.0007440337224383916,1.6889642104409855e-05,7.813723540032319e-07,2.9601017092701556e-05,16055.845318886559,7.602098864552967,22.34684636708033,4.350926578830262,346.4389270389374,15.969193773541825,61.563047624970444,EXTREME,/Volumes/Verbatim/SEIZEL_IT2/SUB100/sub-100_ses-01_task-szMonitoring_run-02_eeg.edf,sub-100_ses-01_task-szMonitoring_run-02_eeg.edf,ses-01,BTEleft SD,256.0,131.36666666666667
2718720,2721280,10620.0,10630.0,0.0008665025340943771,8.681758740325765e-05,0.0007149882352941177,1.697214211633097e-05,7.583639350744996e-07,2.814203638882092e-05,11518.403337295156,3.0095782733155136,12.984656476278873,1.9449216503454647,374.001979534844,7.970286816760998,60.936593632888,EXTREME,/Volumes/Verbatim/SEIZEL_IT2/SUB100/sub-100_ses-01_task-szMonitoring_run-07_eeg.edf,sub-100_ses-01_task-szMonitoring_run-07_eeg.edf,ses-01,BTEleft SD,256.0,178.65
7635200,7637760,29825.0,29835.0,0.0002595764226653697,0.0002424081858980962,0.0008259533073929961,8.946634849221789e-06,1.261416477941566e-07,1.468179925413255e-05,4125.273212906712,5.308430854482094,33.09593043894968,3.317403464603737,278.2703336860826,77.48643096426763,58.62981072911857,EXTREME,/Volumes/Verbatim/SEIZEL_IT2/SUB100/sub-100_ses-01_task-szMonitoring_run-09_eeg.edf,sub-100_ses-01_task-szMonitoring_run-09_eeg.edf,ses-01,BTEleft SD,256.0,762.8833333333333
9024000,9026560,35250.0,35260.0,-0.0005071141330074101,4.937726641656646e-05,0.00033598811322194246,1.771582191886969e-05,2.596028583346298e-07,2.335260044277236e-05,20252.234526540287,6.6324350987795775,9.120057094130011,6.742778715064986,346.79650406230127,10.019090806090773,58.51530413636611,EXTREME,/Volumes/Verbatim/SEIZEL_IT2/SUB10/sub-010_ses-01_task-szMonitoring_run-04_eeg.edf,sub-010_ses-01_task-szMonitoring_run-04_eeg.edf,ses-01,BTEright SD,256.0,1306.6666666666667
9022720,9025280,35245.0,35255.0,-0.0004993842551928359,6.15554255425599e-05,0.000430973708705272,1.5863742674477377e-05,2.53173704748229e-07,2.138041380604689e-05,16245.521413267963,5.8615573125099125,12.503457925554608,5.761871323456514,338.1819765412848,13.24996916880326,57.75690430725374,EXTREME,/Volumes/Verbatim/SEIZEL_IT2/SUB10/sub-010_ses-01_task-szMonitoring_run-04_eeg.edf,sub-010_ses-01_task-szMonitoring_run-04_eeg.edf,ses-01,BTEright SD,256.0,1306.6666666666667
1978880,1981440,7730.0,7740.0,-0.0008445287040977627,5.7625158966655755e-05,0.0007109857328145265,1.655830749432555e-05,7.165493909909787e-07,2.8522636814764816e-05,17353.531002406595,7.157934009586435,21.10997993697051,4.182066739376609,317.1744482053866,14.381559916612776,56.57800946109394,EXTREME,/Volumes/Verbatim/SEIZEL_IT2/SUB100/sub-100_ses-01_task-szMonitoring_run-02_eeg.edf,sub-100_ses-01_task-szMonitoring_run-02_eeg.edf,ses-01,BTEleft SD,256.0,131.36666666666667
2737920,2740480,10695.0,10705.0,-0.0001954095263504233,0.000482676745395827,0.0022519634393835357,9.795777797646298e-05,2.7116172353440484e-07,0.0002262532067074295,2071.7799385759795,43.335664116702354,50.01300294550346,24.18184521346638,128.91436666215134,56.34607440568372,54.97821451253087,EXTREME,/Volumes/Verbatim/SEIZEL_IT2/SUB100/sub-100_ses-01_task-szMonitoring_run-07_eeg.edf,sub-100_ses-01_task-szMonitoring_run-07_eeg.edf,ses-01,BTEleft SD,256.0,178.65
1519360,1521920,5935.0,5945.0,-0.00011753646207656222,0.0004093283099342917,0.0023049789272907603,3.2815603088998246e-05,1.8136448523113872e-07,0.00010238496081933169,2443.0267178869217,24.686441459742735,62.53658474269229,9.50480705407552,155.53413123672772,83.68906337572645,54.74755889334532,EXTREME,/Volumes/Verbatim/SEIZEL_IT2/SUB10/sub-010_ses-01_task-szMonitoring_run-05_eeg.edf,sub-010_ses-01_task-szMonitoring_run-05_eeg.edf,ses-01,BTEright SD,256.0,104.2
2005760,2008320,7835.0,7845.0,-0.00010949891324173156,0.00045141762710977336,0.0023779571984435797,1.7111140665531777e-05,2.1576788606653863e-07,6.668485442634749e-05,2215.2435743090327,22.876244328726234,83.49867798650727,4.463810081887025,91.0954621472397,148.61764426630748,54.12526687744974,EXTREME,/Volumes/Verbatim/SEIZEL_IT2/SUB100/sub-100_ses-01_task-szMonitoring_run-02_eeg.edf,sub-100_ses-01_task-szMonitoring_run-02_eeg.edf,ses-01,BTEleft SD,256.0,131.36666666666667
2726400,2728960,10650.0,10660.0,-0.0008077026753237774,6.977211003415495e-05,0.0008559898680094607,1.7784023434519717e-05,6.572517590638055e-07,2.929374697127828e-05,14332.37414173234,3.244012201196611,16.381625597848593,2.1678468965714637,323.1373872488438,5.887252040602103,53.90463206068961,EXTREME,/Volumes/Verbatim/SEIZEL_IT2/SUB100/sub-100_ses-01_task-szMonitoring_run-07_eeg.edf,sub-100_ses-01_task-szMonitoring_run-07_eeg.edf,ses-01,BTEleft SD,256.0,178.65
4136960,4139520,16160.0,16170.0,0.00012487021218385216,0.00028532951778559534,0.0011439688715953306,1.1161022616731515e-05,9.700550361060064e-08,1.531424423328941e-05,3504.7197508906474,5.70362542134994,47.377505912948386,5.107006683660829,213.44339079976038,91.96693256928559,53.706373293686944,EXTREME,/Volumes/Verbatim/SEIZEL_IT2/SUB100/sub-100_ses-01_task-szMonitoring_run-09_eeg.edf,sub-100_ses-01_task-szMonitoring_run-09_eeg.edf,ses-01,BTEleft SD,256.0,762.8833333333333
8189440,8192000,31990.0,32000.0,4.6402031261921146e-05,0.0004915995022824204,0.0025789505149919887,5.626949895571069e-05,2.438232191495558e-07,0.00021189477464872514,2034.1761806571785,40.69277248597276,68.02248203950514,11.486561151660213,106.2865120341955,69.03447047470922,52.990702860923776,EXTREME,/Volumes/Verbatim/SEIZEL_IT2/SUB100/sub-100_ses-01_task-szMonitoring_run-06_eeg.edf,sub-100_ses-01_task-szMonitoring_run-06_eeg.edf,ses-01,BTEleft SD,256.0,1221.95
10755840,10758400,42015.0,42025.0,-0.00017852944765321018,0.0003672903311455625,0.0011879566491187913,2.9822945772058817e-05,1.6677495103237727e-07,4.6807877534595304e-05,2722.6417699545805,22.058734796695987,54.0900467805473,17.763770318872837,117.81281975669916,124.9830012938618,52.26154369161868,EXTREME,/Volumes/Verbatim/SEIZEL_IT2/SUB10/sub-010_ses-01_task-szMonitoring_run-06_eeg.edf,sub-010_ses-01_task-szMonitoring_run-06_eeg.edf,ses-01,BTEright SD,256.0,1293.5666666666666
8186880,8189440,31980.0,31990.0,-0.0001413901668240253,0.00047741519935515144,0.0025449349660486764,6.36400291530766e-05,2.4791645184984473e-07,0.0001979045254541264,2094.6128218290814,37.83939227069049,67.06594026443793,13.29068047988734,108.1824592860608,66.96463507943541,52.238943844459385,EXTREME,/Volumes/Verbatim/SEIZEL_IT2/SUB100/sub-100_ses-01_task-szMonitoring_run-06_eeg.edf,sub-100_ses-01_task-szMonitoring_run-06_eeg.edf,ses-01,BTEleft SD,256.0,1221.95
1980160,1982720,7735.0,7745.0,-0.0008018613534573605,7.619334588576116e-05,0.0007310051880674448,1.558341946335927e-05,6.487870561257374e-07,2.457094941267245e-05,13124.505496514392,5.530307190240618,21.859235562902423,3.685229308622336,286.58298304818624,20.71108855703376,52.103056803820486,EXTREME,/Volumes/Verbatim/SEIZEL_IT2/SUB100/sub-100_ses-01_task-szMonitoring_run-02_eeg.edf,sub-100_ses-01_task-szMonitoring_run-02_eeg.edf,ses-01,BTEleft SD,256.0,131.36666666666667
16061440,16064000,62740.0,62750.0,0.0003572596125162128,0.0002519952690846665,0.0009099566491187916,6.7004766834992775e-06,1.9113604637628801e-07,1.6033040824252694e-05,3968.3284518158434,3.7714047023046247,29.56490045888822,0.9087769598975132,255.05670846323787,63.773858989330776,52.05061929798252,EXTREME,/Volumes/Verbatim/SEIZEL_IT2/SUB10/sub-010_ses-01_task-szMonitoring_run-04_eeg.edf,sub-010_ses-01_task-szMonitoring_run-04_eeg.edf,ses-01,BTEright SD,256.0,1306.6666666666667
8185600,8188160,31975.0,31985.0,-0.00015285020852407109,0.00045815232565397647,0.002651975112535286,5.553529512498092e-05,2.332667397479993e-07,0.0001974029588274181,2182.6801738698987,37.737095287313814,70.07598640229064,11.306846628225879,101.39684912562427,64.1537124697152,51.1094485724783,EXTREME,/Volumes/Verbatim/SEIZEL_IT2/SUB100/sub-100_ses-01_task-szMonitoring_run-06_eeg.edf,sub-100_ses-01_task-szMonitoring_run-06_eeg.edf,ses-01,BTEleft SD,256.0,1221.95
16060160,16062720,62735.0,62745.0,0.000257662751845388,0.00031878398884807883,0.0009929686274509806,9.284454633020525e-06,1.680133252344301e-07,1.9697219630620387e-05,3136.9203970267286,5.203639357052538,32.52179929263424,2.277316172305964,224.0741980969182,81.49297624871161,50.54152420736531,EXTREME,/Volumes/Verbatim/SEIZEL_IT2/SUB10/sub-010_ses-01_task-szMonitoring_run-04_eeg.edf,sub-010_ses-01_task-szMonitoring_run-04_eeg.edf,ses-01,BTEright SD,256.0,1306.6666666666667
4098560,4101120,16010.0,16020.0,-2.9340953307392984e-05,0.0002798370680860811,0.001165953307392996,1.7309292923151755e-05,7.91696762160006e-08,2.26811912210516e-05,3573.507981862076,10.30699412521464,48.36479211664461,10.075858342544675,173.75927348637185,90.11392793984488,50.37086185260325,EXTREME,/Volumes/Verbatim/SEIZEL_IT2/SUB100/sub-100_ses-01_task-szMonitoring_run-09_eeg.edf,sub-100_ses-01_task-szMonitoring_run-09_eeg.edf,ses-01,BTEleft SD,256.0,762.8833333333333
9025280,9027840,35255.0,35265.0,-0.00046546594518315584,4.545489452026099e-05,0.0003190031738765544,1.8311887731746397e-05,2.1872469356109672e-07,2.490081935771935e-05,21999.83056949854,7.237594644833887,8.51505106547414,7.058470046041331,292.0231858147609,8.97848143654855,50.349188363863945,EXTREME,/Volumes/Verbatim/SEIZEL_IT2/SUB10/sub-010_ses-01_task-szMonitoring_run-04_eeg.edf,sub-010_ses-01_task-szMonitoring_run-04_eeg.edf,ses-01,BTEright SD,256.0,1306.6666666666667
8184320,8186880,31970.0,31980.0,0.00012093001363775084,0.00041811169350565165,0.002651975112535286,8.148618874337186e-05,1.8944145644459057e-07,0.00021536454595674933,2391.7054058541357,41.400449430404365,70.07598640229064,17.65896886475605,81.09738620101439,58.31080865592179,50.0328371497952,EXTREME,/Volumes/Verbatim/SEIZEL_IT2/SUB100/sub-100_ses-01_task-szMonitoring_run-06_eeg.edf,sub-100_ses-01_task-szMonitoring_run-06_eeg.edf,ses-01,BTEleft SD,256.0,1221.95
8194560,8197120,32010.0,32020.0,-0.0007196031000908388,7.645520283759576e-05,0.0017229280994888229,2.2754466995212482e-05,5.236740197012838e-07,7.235903547048728e-05,13079.554429338456,12.23377136612948,43.95051418188469,3.282929211085048,235.91079559884605,8.45480226379548,49.96060822294572,EXTREME,/Volumes/Verbatim/SEIZEL_IT2/SUB100/sub-100_ses-01_task-szMonitoring_run-06_eeg.edf,sub-100_ses-01_task-szMonitoring_run-06_eeg.edf,ses-01,BTEleft SD,256.0,1221.95
18324480,18327040,71580.0,71590.0,-7.573143140950444e-05,0.0005489998220836404,0.0027499245288776985,1.9508842263437476e-05,3.0713605435120126e-07,0.00010644036841926058,1821.4942117525045,19.184827047397988,72.83039465044534,2.488482386505193,135.61242744083415,77.41057568296681,49.86138655840121,EXTREME,/Volumes/Verbatim/SEIZEL_IT2/SUB100/sub-100_ses-01_task-szMonitoring_run-06_eeg.edf,sub-100_ses-01_task-szMonitoring_run-06_eeg.edf,ses-01,BTEleft SD,256.0,1221.95
2717440,2720000,10615.0,10625.0,0.0007599169344386588,0.00010808300455862652,0.000851971343556878,1.757319579947738e-05,5.891556831210689e-07,2.9569896992115707e-05,9252.14833573053,3.300223314522699,16.2848125098239,2.109958136970603,288.88158072028614,10.569017406990945,49.22317113818386,EXTREME,/Volumes/Verbatim/SEIZEL_IT2/SUB100/sub-100_ses-01_task-szMonitoring_run-07_eeg.edf,sub-100_ses-01_task-szMonitoring_run-07_eeg.edf,ses-01,BTEleft SD,256.0,178.65
770560,773120,3010.0,3020.0,0.000753623491425145,0.0003652527222311238,0.0031539424582284273,9.015308797302966e-05,7.013579179250721e-07,0.000292567864339179,2737.830374415093,74.63585100286065,20.939615299691145,23.66975368253869,86.83315901381825,11.066505999937814,49.17604609951371,EXTREME,/Volumes/Verbatim/SEIZEL_IT2/SUB10/sub-010_ses-01_task-szMonitoring_run-10_eeg.edf,sub-010_ses-01_task-szMonitoring_run-10_eeg.edf,ses-01,BTEright SD,256.0,213.85
64000,66560,250.0,260.0,-9.678499858138779e-05,0.00040663807590365724,0.0010949802853437096,8.107581367542153e-06,1.7472186072502774e-07,1.6235468369649406e-05,2459.189281078872,1.7108111600444857,11.444165362111663,0.4144114466095147,285.99060763018366,32.87954293942312,49.15704470622967,EXTREME,/Volumes/Verbatim/SEIZEL_IT2/SUB10/sub-010_ses-01_task-szMonitoring_run-08_eeg.edf,sub-010_ses-01_task-szMonitoring_run-08_eeg.edf,ses-01,BTEright SD,256.0,227.28333333333333
64000,66560,250.0,260.0,-9.678499858138779e-05,0.00040663807590365724,0.0010949802853437096,8.107581367542153e-06,1.7472186072502774e-07,1.6235468369649406e-05,2459.189281078872,1.7108111600444857,11.444165362111663,0.4144114466095147,285.99060763018366,32.87954293942312,49.15704470622967,EXTREME,/Volumes/Verbatim/SEIZEL_IT2/SUB10/sub-010_ses-01_task-szMonitoring_run-08_eeg (1).edf,sub-010_ses-01_task-szMonitoring_run-08_eeg (1).edf,ses-01,BTEright SD,256.0,227.28333333333333
18323200,18325760,71575.0,71585.0,0.00013017457331363966,0.000530511376889297,0.0027499245288776985,2.127397237044137e-05,2.983877405463659e-07,0.00010661663126673715,1884.9737096659824,19.220776723110205,72.83039465044534,2.9205415813809465,131.56028999075417,74.7126610612153,49.08276870418849,EXTREME,/Volumes/Verbatim/SEIZEL_IT2/SUB100/sub-100_ses-01_task-szMonitoring_run-06_eeg.edf,sub-100_ses-01_task-szMonitoring_run-06_eeg.edf,ses-01,BTEleft SD,256.0,1221.95
79360,81920,310.0,320.0,0.0004707256909297035,0.0002111886851308447,0.0008030311284046692,1.9636442281557565e-05,2.661833368285418e-07,2.6736928380074683e-05,4735.102141695398,11.232620871386318,35.4994173927509,10.570386928688443,191.49966045940428,70.36580003397516,48.90690724158124,EXTREME,/Volumes/Verbatim/SEIZEL_IT2/SUB10/sub-010_ses-01_task-szMonitoring_run-06_eeg.edf,sub-010_ses-01_task-szMonitoring_run-06_eeg.edf,ses-01,BTEright SD,256.0,1293.5666666666666
2712320,2714880,10595.0,10605.0,6.45861940065424e-05,0.0005406930489214452,0.002595966796368353,2.614404123273823e-05,2.96520349608219e-07,0.00013506467133074195,1849.4781838702854,24.77398130185093,58.30062883245245,4.4633289878200895,141.67105163391253,63.43593027836877,48.81793579262609,EXTREME,/Volumes/Verbatim/SEIZEL_IT2/SUB100/sub-100_ses-01_task-szMonitoring_run-07_eeg.edf,sub-100_ses-01_task-szMonitoring_run-07_eeg.edf,ses-01,BTEleft SD,256.0,178.65
17882880,17885440,69855.0,69865.0,-9.12182824480716e-05,0.0006538632242901501,0.0017229707789730678,1.0823733936303121e-05,4.3585789113188733e-07,2.7568082569200708e-05,1529.3718339278869,3.0984359582717143,43.9517143597706,0.3625875890957386,195.2351829910301,92.7127010442769,48.50386052825057,EXTREME,/Volumes/Verbatim/SEIZEL_IT2/SUB100/sub-100_ses-01_task-szMonitoring_run-06_eeg.edf,sub-100_ses-01_task-szMonitoring_run-06_eeg.edf,ses-01,BTEleft SD,256.0,1221.95
1968640,1971200,7690.0,7700.0,-0.00011540468446011678,0.00040668057240153435,0.002361977950713359,1.8581532202496757e-05,1.7870732916417874e-07,5.541947736825637e-05,2458.932305607463,18.236244256837043,82.90063267964096,5.213173629518655,74.36438672843009,133.36766480964215,48.49687124195362,EXTREME,/Volumes/Verbatim/SEIZEL_IT2/SUB100/sub-100_ses-01_task-szMonitoring_run-02_eeg.edf,sub-100_ses-01_task-szMonitoring_run-02_eeg.edf,ses-01,BTEleft SD,256.0,131.36666666666667
1981440,1984000,7740.0,7750.0,-0.0007658804363245784,7.989062029902834e-05,0.0006940077821011672,1.561468212953956e-05,5.929553539564902e-07,2.464635494891042e-05,12517.113820620174,5.561365333413352,20.474556798425077,3.701161869337179,261.3776300305496,21.971416471235834,48.18540775195315,EXTREME,/Volumes/Verbatim/SEIZEL_IT2/SUB100/sub-100_ses-01_task-szMonitoring_run-02_eeg.edf,sub-100_ses-01_task-szMonitoring_run-02_eeg.edf,ses-01,BTEleft SD,256.0,131.36666666666667
8193280,8195840,32005.0,32015.0,-0.0006802116866583695,0.00011219702954710667,0.001730951842526894,2.4237629087748913e-05,4.752761121058182e-07,8.024322247298846e-05,8912.89185750904,13.841790129312617,44.17614762443507,3.6459697694149016,213.4933357033516,13.670405624385332,47.80009094197068,EXTREME,/Volumes/Verbatim/SEIZEL_IT2/SUB100/sub-100_ses-01_task-szMonitoring_run-06_eeg.edf,sub-100_ses-01_task-szMonitoring_run-06_eeg.edf,ses-01,BTEleft SD,256.0,1221.95
2727680,2730240,10655.0,10665.0,-0.0007610467197871366,6.804530394232703e-05,0.000748991134508278,1.6410038588635844e-05,5.838222730873641e-07,2.5032863930556502e-05,14696.091094713549,2.376697475871211,13.803844144180117,1.7905800433782169,286.1986028875297,5.676228490890279,47.44814223628507,EXTREME,/Volumes/Verbatim/SEIZEL_IT2/SUB100/sub-100_ses-01_task-szMonitoring_run-07_eeg.edf,sub-100_ses-01_task-szMonitoring_run-07_eeg.edf,ses-01,BTEleft SD,256.0,178.65
2736640,2739200,10690.0,10700.0,-0.0004108444576371403,0.0004072020410066227,0.0022459577325093464,3.859389435273137e-05,3.3460667057111524e-07,0.00011113259201760748,2455.78336265744,19.902539256255423,49.86831525351052,7.881792388903998,160.83041763595136,47.12272262980435,47.35274517654544,EXTREME,/Volumes/Verbatim/SEIZEL_IT2/SUB100/sub-100_ses-01_task-szMonitoring_run-07_eeg.edf,sub-100_ses-01_task-szMonitoring_run-07_eeg.edf,ses-01,BTEleft SD,256.0,178.65
2739200,2741760,10700.0,10710.0,4.364330951495396e-05,0.0004431971788001844,0.0023609493553063254,7.482355911917297e-05,1.9832847776186067e-07,0.000206836458710975,2256.332047173338,39.383330458558866,52.6386590031402,17.82968348801506,92.27552159669959,51.52149200264284,46.87131159849588,EXTREME,/Volumes/Verbatim/SEIZEL_IT2/SUB100/sub-100_ses-01_task-szMonitoring_run-07_eeg.edf,sub-100_ses-01_task-szMonitoring_run-07_eeg.edf,ses-01,BTEleft SD,256.0,178.65
7448320,7450880,29095.0,29105.0,0.0001714641901750973,0.00024155515764165772,0.0009159922178988326,9.667178380350195e-06,8.774886269568804e-08,1.4643307730512293e-05,4139.841209036153,5.284378736896355,37.13943535107901,3.899725604247916,192.8476754528783,77.19864220065564,46.704380286976416,EXTREME,/Volumes/Verbatim/SEIZEL_IT2/SUB100/sub-100_ses-01_task-szMonitoring_run-09_eeg.edf,sub-100_ses-01_task-szMonitoring_run-09_eeg.edf,ses-01,BTEleft SD,256.0,762.8833333333333
2728960,2731520,10660.0,10670.0,-0.0007510304923895627,7.472467848894557e-05,0.0006869910429541466,1.665270944199664e-05,5.696305780741853e-07,2.5764369228054736e-05,13382.459541334474,2.525597436304362,12.31015650037057,1.8572122696967341,279.0594549710982,6.492478406472984,46.22559894303202,EXTREME,/Volumes/Verbatim/SEIZEL_IT2/SUB100/sub-100_ses-01_task-szMonitoring_run-07_eeg.edf,sub-100_ses-01_task-szMonitoring_run-07_eeg.edf,ses-01,BTEleft SD,256.0,178.65
9021440,9024000,35240.0,35250.0,-0.00043761207321827073,7.466854375932031e-05,0.0003979984435797665,9.07753735480087e-06,1.9707971805353063e-07,1.3428731296442008e-05,13392.520280438137,2.753446094242542,11.328874149200196,2.167727617565823,263.02073087324794,16.728893156895435,44.78902543301483,EXTREME,/Volumes/Verbatim/SEIZEL_IT2/SUB10/sub-010_ses-01_task-szMonitoring_run-04_eeg.edf,sub-010_ses-01_task-szMonitoring_run-04_eeg.edf,ses-01,BTEright SD,256.0,1306.6666666666667
19080960,19083520,74535.0,74545.0,-5.6708706261444354e-05,0.0003686603787820279,0.0012229623254749371,1.9746031128404667e-05,1.3912635224955507e-07,2.6667258142298655e-05,2712.523652775637,11.195041286805646,55.78070515622195,10.647775071871674,97.31819168437175,125.46235669725974,44.34792491838243,EXTREME,/Volumes/Verbatim/SEIZEL_IT2/SUB10/sub-010_ses-01_task-szMonitoring_run-06_eeg.edf,sub-010_ses-01_task-szMonitoring_run-06_eeg.edf,ses-01,BTEright SD,256.0,1293.5666666666666
10754560,10757120,42010.0,42020.0,-0.00027934808467684253,0.0003108934994419981,0.0009939421377889676,1.7205181534676125e-05,1.7469012040791209e-07,2.9477324352438455e-05,3216.5355614649307,12.710769152709018,44.71978764757095,8.853508247977983,123.67996889345206,105.25074871221308,44.24049858779706,EXTREME,/Volumes/Verbatim/SEIZEL_IT2/SUB10/sub-010_ses-01_task-szMonitoring_run-06_eeg.edf,sub-010_ses-01_task-szMonitoring_run-06_eeg.edf,ses-01,BTEright SD,256.0,1293.5666666666666
2713600,2716160,10600.0,10610.0,-4.6644927555409267e-05,0.0004849378084307726,0.002595966796368353,3.3752810926413365e-05,2.3734042731229008e-07,0.00013566294018213567,2062.1200915923946,24.895760608994124,58.30062883245245,6.552534416543992,111.90052608631447,56.62238658110079,44.13146643400448,EXTREME,/Volumes/Verbatim/SEIZEL_IT2/SUB100/sub-100_ses-01_task-szMonitoring_run-07_eeg.edf,sub-100_ses-01_task-szMonitoring_run-07_eeg.edf,ses-01,BTEleft SD,256.0,178.65
1593600,1596160,6225.0,6235.0,-0.00021308956924854082,0.000332098067539396,0.0011119898832684825,5.777696173800258e-06,1.5569629098592993e-07,1.6504842762966106e-05,3011.1587351233643,1.777535548838403,11.645473084848783,-0.4609056148437963,254.74666524065236,26.584291207528064,43.7294798429451,EXTREME,/Volumes/Verbatim/SEIZEL_IT2/SUB10/sub-010_ses-01_task-szMonitoring_run-08_eeg.edf,sub-010_ses-01_task-szMonitoring_run-08_eeg.edf,ses-01,BTEright SD,256.0,227.28333333333333
1593600,1596160,6225.0,6235.0,-0.00021308956924854082,0.000332098067539396,0.0011119898832684825,5.777696173800258e-06,1.5569629098592993e-07,1.6504842762966106e-05,3011.1587351233643,1.777535548838403,11.645473084848783,-0.4609056148437963,254.74666524065236,26.584291207528064,43.7294798429451,EXTREME,/Volumes/Verbatim/SEIZEL_IT2/SUB10/sub-010_ses-01_task-szMonitoring_run-08_eeg (1).edf,sub-010_ses-01_task-szMonitoring_run-08_eeg (1).edf,ses-01,BTEright SD,256.0,227.28333333333333
778240,780800,3040.0,3050.0,-0.0007353258178239682,0.00048658166727399006,0.002484938689250019,7.87246279361696e-05,7.774657772856233e-07,0.000237627062025712,2055.1534617964858,58.821797504440745,15.300033623621117,19.434868488802504,96.4460697856896,16.228422642831685,43.62436228117559,EXTREME,/Volumes/Verbatim/SEIZEL_IT2/SUB10/sub-010_ses-01_task-szMonitoring_run-10_eeg.edf,sub-010_ses-01_task-szMonitoring_run-10_eeg.edf,ses-01,BTEright SD,256.0,213.85
19617280,19619840,76630.0,76640.0,0.00013604628849326705,0.0002693330078664836,0.0012929593804837112,3.53041342591268e-05,9.104886173920055e-08,5.59862767530962e-05,3712.8757600436934,19.388112316891203,43.207513879839915,16.05798789561894,120.94826090942402,68.37357923514126,43.61853672593143,EXTREME,/Volumes/Verbatim/SEIZEL_IT2/SUB10/sub-010_ses-01_task-szMonitoring_run-04_eeg.edf,sub-010_ses-01_task-szMonitoring_run-04_eeg.edf,ses-01,BTEright SD,256.0,1306.6666666666667
9026560,9029120,35260.0,35270.0,-0.0004119563480392156,5.3719777266089983e-05,0.00040297151140611875,2.378713379539559e-05,1.7259384715932564e-07,3.306610209092336e-05,18615.117788586238,10.429196778437849,11.506015553986819,9.958297011312936,230.21171396931814,11.171163479671087,43.59195482887803,EXTREME,/Volumes/Verbatim/SEIZEL_IT2/SUB10/sub-010_ses-01_task-szMonitoring_run-04_eeg.edf,sub-010_ses-01_task-szMonitoring_run-04_eeg.edf,ses-01,BTEright SD,256.0,1306.6666666666667
78080,80640,305.0,315.0,0.00035045399065146475,0.00029355055438745576,0.0008240254062714579,1.0314401715209428e-05,2.0898992754471958e-07,1.5812952327101486e-05,3406.5682440290584,5.340313120698524,36.513371568514046,3.987459643077299,149.10483023066288,99.18275939457456,42.25327630861965,EXTREME,/Volumes/Verbatim/SEIZEL_IT2/SUB10/sub-010_ses-01_task-szMonitoring_run-06_eeg.edf,sub-010_ses-01_task-szMonitoring_run-06_eeg.edf,ses-01,BTEright SD,256.0,1293.5666666666666
8195840,8198400,32015.0,32025.0,-0.0006696253240098324,7.518679060994495e-05,0.0015429487144274052,1.9116207680056462e-05,4.540511280374968e-07,4.742532176257393e-05,13300.208435383352,7.148417674564086,38.88936403701829,2.3923753735984086,203.6621208270563,8.269710015127945,42.13458319379201,EXTREME,/Volumes/Verbatim/SEIZEL_IT2/SUB100/sub-100_ses-01_task-szMonitoring_run-06_eeg.edf,sub-100_ses-01_task-szMonitoring_run-06_eeg.edf,ses-01,BTEleft SD,256.0,1221.95
779520,782080,3045.0,3055.0,-0.0006886523394405184,0.0004958351977012727,0.0023679392080567636,7.691288775201228e-05,7.200945878963589e-07,0.00023345438775663785,2016.799135316073,57.62074307232437,14.31374900035993,18.763517173223796,89.19972060297968,16.622112315986254,41.82488263207585,EXTREME,/Volumes/Verbatim/SEIZEL_IT2/SUB10/sub-010_ses-01_task-szMonitoring_run-10_eeg.edf,sub-010_ses-01_task-szMonitoring_run-10_eeg.edf,ses-01,BTEright SD,256.0,213.85
8174080,8176640,31930.0,31940.0,0.0002449630801348993,0.00025022414731226764,0.0025719510795757993,8.572611208466849e-05,1.2261903452732853e-07,0.00019524954147381177,3996.416839641106,37.297895213994316,67.82565286621654,18.69679483458497,50.145862925029206,33.8119251141248,41.261824815225175,EXTREME,/Volumes/Verbatim/SEIZEL_IT2/SUB100/sub-100_ses-01_task-szMonitoring_run-06_eeg.edf,sub-100_ses-01_task-szMonitoring_run-06_eeg.edf,ses-01,BTEleft SD,256.0,1221.95
1537280,1539840,6005.0,6015.0,0.00031958154069628835,0.00020044480392161776,0.0007359757839322499,1.0935608787289234e-05,1.423104805729892e-07,1.9455558421764778e-05,4988.9045535055975,5.109180113570809,23.367676543737566,3.15180862154165,189.6345382367547,50.09746662494117,40.547037470812946,EXTREME,/Volumes/Verbatim/SEIZEL_IT2/SUB10/sub-010_ses-01_task-szMonitoring_run-04_eeg.edf,sub-010_ses-01_task-szMonitoring_run-04_eeg.edf,ses-01,BTEright SD,256.0,1306.6666666666667
17881600,17884160,69850.0,69860.0,-0.0004865598621323529,0.00041745951760717534,0.0011899467002365147,1.0246944047074084e-05,4.1101294827906985e-07,2.75913100385347e-05,2395.441846281121,3.1031733150211758,28.962692742688184,0.22140401618859804,183.72723693137297,58.21564030217663,40.30357958195638,EXTREME,/Volumes/Verbatim/SEIZEL_IT2/SUB100/sub-100_ses-01_task-szMonitoring_run-06_eeg.edf,sub-100_ses-01_task-szMonitoring_run-06_eeg.edf,ses-01,BTEleft SD,256.0,1221.95
8175360,8177920,31935.0,31945.0,0.00025314657114876597,0.0002409879058042356,0.0025719510795757993,7.67015518127241e-05,1.2215835722828835e-07,0.00017421076704713165,4149.585816405058,33.0069335686469,67.82565286621654,16.48781078874466,49.9324814920483,32.464132438612424,39.15140494768714,EXTREME,/Volumes/Verbatim/SEIZEL_IT2/SUB100/sub-100_ses-01_task-szMonitoring_run-06_eeg.edf,sub-100_ses-01_task-szMonitoring_run-06_eeg.edf,ses-01,BTEleft SD,256.0,1221.95
8177920,8180480,31945.0,31955.0,0.000249404980801051,0.0002446055306353195,0.0025399414663920044,7.583094034914549e-05,1.2203471006575882e-07,0.000176585748685532,4088.214985632019,33.49132276889692,66.9255194517869,16.274707127710936,49.87520927833266,32.9920320442958,39.14249288119297,EXTREME,/Volumes/Verbatim/SEIZEL_IT2/SUB100/sub-100_ses-01_task-szMonitoring_run-06_eeg.edf,sub-100_ses-01_task-szMonitoring_run-06_eeg.edf,ses-01,BTEleft SD,256.0,1221.95
19618560,19621120,76635.0,76645.0,-5.5881658220559535e-05,0.00028245119938348544,0.0011719608148317694,2.674092389205196e-05,8.290143975864887e-08,4.442636003471227e-05,3540.4345906205917,14.869633769584244,38.897527238762194,11.522697966532753,110.03139760330274,71.8538491750976,38.97851141841864,EXTREME,/Volumes/Verbatim/SEIZEL_IT2/SUB10/sub-010_ses-01_task-szMonitoring_run-04_eeg.edf,sub-010_ses-01_task-szMonitoring_run-04_eeg.edf,ses-01,BTEright SD,256.0,1306.6666666666667
1606400,1608960,6275.0,6285.0,0.00018542170920119033,0.00028544616133114524,0.0008649695124742504,1.3806255406223773e-05,1.1586072126177699e-07,2.0065892188039e-05,3503.2875966288275,5.347744118553767,27.962452058664567,4.672174715883723,154.1940752817771,72.64841571456643,38.79258866012668,EXTREME,/Volumes/Verbatim/SEIZEL_IT2/SUB10/sub-010_ses-01_task-szMonitoring_run-04_eeg.edf,sub-010_ses-01_task-szMonitoring_run-04_eeg.edf,ses-01,BTEright SD,256.0,1306.6666666666667
1536000,1538560,6000.0,6010.0,0.00022282539559014274,0.00026863677686719367,0.0008409457694361791,9.590340145056078e-06,1.2181687480549803e-07,1.8615805339033566e-05,3722.4984901150483,4.780941910667361,27.106722810926083,2.439320773701983,162.17482234781644,68.18886842230141,38.727648580061796,EXTREME,/Volumes/Verbatim/SEIZEL_IT2/SUB10/sub-010_ses-01_task-szMonitoring_run-04_eeg.edf,sub-010_ses-01_task-szMonitoring_run-04_eeg.edf,ses-01,BTEright SD,256.0,1306.6666666666667
61440,64000,240.0,250.0,-0.00011192653463440334,0.0003272578324142589,0.0013259686121919587,1.6513589494163427e-05,1.1962523803174542e-07,3.164391899823935e-05,3055.6946171985173,5.527504490821357,14.1779004134826,3.572473634270208,195.51049434616039,26.1755107522671,37.4288266084888,EXTREME,/Volumes/Verbatim/SEIZEL_IT2/SUB10/sub-010_ses-01_task-szMonitoring_run-08_eeg (1).edf,sub-010_ses-01_task-szMonitoring_run-08_eeg (1).edf,ses-01,BTEright SD,256.0,227.28333333333333
61440,64000,240.0,250.0,-0.00011192653463440334,0.0003272578324142589,0.0013259686121919587,1.6513589494163427e-05,1.1962523803174542e-07,3.164391899823935e-05,3055.6946171985173,5.527504490821357,14.1779004134826,3.572473634270208,195.51049434616039,26.1755107522671,37.4288266084888,EXTREME,/Volumes/Verbatim/SEIZEL_IT2/SUB10/sub-010_ses-01_task-szMonitoring_run-08_eeg.edf,sub-010_ses-01_task-szMonitoring_run-08_eeg.edf,ses-01,BTEright SD,256.0,227.28333333333333
762880,765440,2980.0,2990.0,-2.3743023706320985e-06,0.0007101120834071091,0.00238995213244831,7.46287061779965e-05,5.042648083125323e-07,0.00022180191303482636,1408.228393740019,54.26671745055903,14.499314001323755,17.917099834719266,61.93903516938843,25.738481226320374,37.341337272944564,EXTREME,/Volumes/Verbatim/SEIZEL_IT2/SUB10/sub-010_ses-01_task-szMonitoring_run-10_eeg.edf,sub-010_ses-01_task-szMonitoring_run-10_eeg.edf,ses-01,BTEright SD,256.0,213.85
780800,783360,3050.0,3060.0,-0.0007569967604023613,0.0003422605094690608,0.0023579046768902115,5.969686164239529e-05,6.901863516016909e-07,0.0001906214252214992,2921.7510329471584,45.29178658636377,14.229159703977857,12.384014262819091,85.42211853585717,10.088306727937896,34.99690855175907,EXTREME,/Volumes/Verbatim/SEIZEL_IT2/SUB10/sub-010_ses-01_task-szMonitoring_run-10_eeg.edf,sub-010_ses-01_task-szMonitoring_run-10_eeg.edf,ses-01,BTEright SD,256.0,213.85
782080,784640,3055.0,3065.0,-0.0008446769447206168,0.00023385695974189198,0.0025429393301289386,5.557477408898871e-05,7.681682185622768e-07,0.0001800111695413962,4276.118174236004,42.237751263040245,15.788968614227473,10.856549714585707,95.27172848697624,5.47629854400663,34.95070573527382,EXTREME,/Volumes/Verbatim/SEIZEL_IT2/SUB10/sub-010_ses-01_task-szMonitoring_run-10_eeg.edf,sub-010_ses-01_task-szMonitoring_run-10_eeg.edf,ses-01,BTEright SD,256.0,213.85
1592320,1594880,6220.0,6230.0,-0.00013408500162127103,0.0003136144097103212,0.0010269922178988327,5.34988103923476e-06,1.1633278563772952e-07,1.5071408158360007e-05,3188.628984666391,1.4224719264548762,10.6395300561417,-0.6216319405181115,190.1036027613313,25.023260004102173,33.51931121199384,EXTREME,/Volumes/Verbatim/SEIZEL_IT2/SUB10/sub-010_ses-01_task-szMonitoring_run-08_eeg (1).edf,sub-010_ses-01_task-szMonitoring_run-08_eeg (1).edf,ses-01,BTEright SD,256.0,227.28333333333333
1592320,1594880,6220.0,6230.0,-0.00013408500162127103,0.0003136144097103212,0.0010269922178988327,5.34988103923476e-06,1.1633278563772952e-07,1.5071408158360007e-05,3188.628984666391,1.4224719264548762,10.6395300561417,-0.6216319405181115,190.1036027613313,25.023260004102173,33.51931121199384,EXTREME,/Volumes/Verbatim/SEIZEL_IT2/SUB10/sub-010_ses-01_task-szMonitoring_run-08_eeg.edf,sub-010_ses-01_task-szMonitoring_run-08_eeg.edf,ses-01,BTEright SD,256.0,227.28333333333333
3470080,3472640,13555.0,13565.0,-3.183404902318413e-05,0.0003375526442106328,0.00118297224383917,6.50396755431258e-06,1.1495519429080052e-07,9.970166891715779e-06,2962.5008548696164,0.1588878069095282,12.485545697040223,-0.18805194277650636,187.84131126257444,27.044955674703274,33.39580174012757,EXTREME,/Volumes/Verbatim/SEIZEL_IT2/SUB10/sub-010_ses-01_task-szMonitoring_run-08_eeg (1).edf,sub-010_ses-01_task-szMonitoring_run-08_eeg (1).edf,ses-01,BTEright SD,256.0,227.28333333333333
3470080,3472640,13555.0,13565.0,-3.183404902318413e-05,0.0003375526442106328,0.00118297224383917,6.50396755431258e-06,1.1495519429080052e-07,9.970166891715779e-06,2962.5008548696164,0.1588878069095282,12.485545697040223,-0.18805194277650636,187.84131126257444,27.044955674703274,33.39580174012757,EXTREME,/Volumes/Verbatim/SEIZEL_IT2/SUB10/sub-010_ses-01_task-szMonitoring_run-08_eeg.edf,sub-010_ses-01_task-szMonitoring_run-08_eeg.edf,ses-01,BTEright SD,256.0,227.28333333333333
764160,766720,2985.0,2995.0,-0.0002443897050955596,0.0006523754960189698,0.00238995213244831,6.189082765888456e-05,4.853201157626914e-07,0.0001905919655403334,1532.859533458109,45.2833069691324,14.499314001323755,13.197001679218502,59.546198994356665,23.282089215020555,32.648559345960344,EXTREME,/Volumes/Verbatim/SEIZEL_IT2/SUB10/sub-010_ses-01_task-szMonitoring_run-10_eeg.edf,sub-010_ses-01_task-szMonitoring_run-10_eeg.edf,ses-01,BTEright SD,256.0,213.85
2554880,2557440,9980.0,9990.0,-1.4110073136015084e-05,0.00018374168547951792,0.0008919759822995345,3.44471732304303e-05,3.396010114675778e-08,5.24364883433126e-05,5442.423105828368,15.849697322227293,25.263647144727507,13.365085213263749,85.6135598267918,57.41345360859219,31.856519869255795,EXTREME,/Volumes/Verbatim/SEIZEL_IT2/SUB10/sub-010_ses-01_task-szMonitoring_run-01_eeg.edf,sub-010_ses-01_task-szMonitoring_run-01_eeg.edf,ses-01,BTEright SD,256.0,273.23333333333335
436480,439040,1705.0,1715.0,0.0002514684696393149,6.267959178847779e-05,0.0003580093995574884,1.6769433520733195e-05,6.716512244950925e-08,2.3529142212430062e-05,15954.155978240931,5.346385491047912,8.122428952269908,4.834903324135574,170.5246096823944,16.999038119468352,31.741296641453864,EXTREME,/Volumes/Verbatim/SEIZEL_IT2/SUB10/sub-010_ses-01_task-szMonitoring_run-01_eeg.edf,sub-010_ses-01_task-szMonitoring_run-01_eeg.edf,ses-01,BTEright SD,256.0,273.23333333333335
198400,200960,775.0,785.0,-0.00015193415409585535,0.00032525436596749337,0.0010629660486762798,1.6483437774185546e-05,1.2887438976173922e-07,3.237350684485025e-05,3074.5167522991082,6.409200749268743,27.550125305330226,3.6871464542014776,110.28053675233159,65.97636199994426,31.630391326994562,EXTREME,/Volumes/Verbatim/SEIZEL_IT2/SUB10/sub-010_ses-01_task-szMonitoring_run-05_eeg.edf,sub-010_ses-01_task-szMonitoring_run-05_eeg.edf,ses-01,BTEright SD,256.0,104.2
1524480,1527040,5955.0,5965.0,-0.0001486732988157569,0.0003618959660550363,0.0008849949340047303,5.355076187819485e-07,1.5307244002766737e-07,1.0617164441349284e-05,2763.2250454118002,0.7294742971768057,22.536828509708993,-1.9936462102278223,131.14254403684365,73.69601555322336,31.404935624756998,EXTREME,/Volumes/Verbatim/SEIZEL_IT2/SUB10/sub-010_ses-01_task-szMonitoring_run-05_eeg.edf,sub-010_ses-01_task-szMonitoring_run-05_eeg.edf,ses-01,BTEright SD,256.0,104.2
2836480,2839040,11080.0,11090.0,-0.0001185335263361181,0.00019694074957944866,0.0006549816433966583,8.288528839551383e-06,5.283585571059031e-08,1.2292530205692388e-05,5077.669284075293,1.2636295265820425,17.65573345722633,0.7425441932249972,133.8821672225923,61.81972517005669,30.386223464788493,EXTREME,/Volumes/Verbatim/SEIZEL_IT2/SUB10/sub-010_ses-01_task-szMonitoring_run-01_eeg.edf,sub-010_ses-01_task-szMonitoring_run-01_eeg.edf,ses-01,BTEright SD,256.0,273.23333333333335
3468800,3471360,13550.0,13560.0,-0.00021512955921692604,0.00024376479420711424,0.0010099826199740597,7.550200936284047e-06,1.0570200214370563e-07,1.0920132133420005e-05,4102.315099070611,0.39419543711051197,10.43822233340458,0.20500859598370286,172.64564530735322,19.1241338486563,30.075874769834947,EXTREME,/Volumes/Verbatim/SEIZEL_IT2/SUB10/sub-010_ses-01_task-szMonitoring_run-08_eeg.edf,sub-010_ses-01_task-szMonitoring_run-08_eeg.edf,ses-01,BTEright SD,256.0,227.28333333333333
3468800,3471360,13550.0,13560.0,-0.00021512955921692604,0.00024376479420711424,0.0010099826199740597,7.550200936284047e-06,1.0570200214370563e-07,1.0920132133420005e-05,4102.315099070611,0.39419543711051197,10.43822233340458,0.20500859598370286,172.64564530735322,19.1241338486563,30.075874769834947,EXTREME,/Volumes/Verbatim/SEIZEL_IT2/SUB10/sub-010_ses-01_task-szMonitoring_run-08_eeg (1).edf,sub-010_ses-01_task-szMonitoring_run-08_eeg (1).edf,ses-01,BTEright SD,256.0,227.28333333333333
2835200,2837760,11075.0,11085.0,-0.00011731799265182726,0.0001926314345625368,0.0006499805905241475,9.701573181315329e-06,5.087038098147509e-08,1.41157831814177e-05,5191.2606947029435,1.9260976225623225,17.495191316106723,1.4243918417701276,128.85610441142342,60.38113739863201,29.824580201048896,EXTREME,/Volumes/Verbatim/SEIZEL_IT2/SUB10/sub-010_ses-01_task-szMonitoring_run-01_eeg.edf,sub-010_ses-01_task-szMonitoring_run-01_eeg.edf,ses-01,BTEright SD,256.0,273.23333333333335
1973760,1976320,7710.0,7720.0,0.00011152821426527811,0.0001793294387556706,0.0007889681849393453,1.2887736586366063e-05,4.459759018162559e-08,1.9564722385806153e-05,5576.32924835131,3.905937188384241,21.956924988055686,2.9618368896038136,112.81548069118955,55.94050392714051,28.86720288785887,EXTREME,/Volumes/Verbatim/SEIZEL_IT2/SUB10/sub-010_ses-01_task-szMonitoring_run-01_eeg.edf,sub-010_ses-01_task-szMonitoring_run-01_eeg.edf,ses-01,BTEright SD,256.0,273.23333333333335
2754560,2757120,10760.0,10770.0,-0.00020643824054536697,0.0005920523283574781,0.0024759548943312734,5.285872349937056e-05,3.9314270667297774e-07,0.00016991481247432503,1689.0398878849867,39.33163551527883,15.224301845184808,9.850100692555218,47.90360102607129,20.715651643228284,28.038058256129116,EXTREME,/Volumes/Verbatim/SEIZEL_IT2/SUB10/sub-010_ses-01_task-szMonitoring_run-10_eeg.edf,sub-010_ses-01_task-szMonitoring_run-10_eeg.edf,ses-01,BTEright SD,256.0,213.85
783360,785920,3060.0,3070.0,-0.0007554367659516384,0.00022430660675403004,0.0025429393301289386,4.372078639395934e-05,6.209981611849776e-07,0.0001419223684339641,4458.1834214022765,31.274344959525777,15.788968614227473,6.4639826657881825,76.6832063324238,5.069980612072594,27.406090002907984,EXTREME,/Volumes/Verbatim/SEIZEL_IT2/SUB10/sub-010_ses-01_task-szMonitoring_run-10_eeg.edf,sub-010_ses-01_task-szMonitoring_run-10_eeg.edf,ses-01,BTEright SD,256.0,213.85
2741760,2744320,10710.0,10720.0,-8.387860136758953e-06,0.00019153804326296222,0.0006689950102998398,1.8591635183012895e-05,3.6757178214678224e-08,2.5437507099550882e-05,5220.894908100356,6.039778492479119,18.105585915155213,5.714184944590198,92.76617533631642,60.01612826219686,26.794415770983925,EXTREME,/Volumes/Verbatim/SEIZEL_IT2/SUB10/sub-010_ses-01_task-szMonitoring_run-01_eeg.edf,sub-010_ses-01_task-szMonitoring_run-01_eeg.edf,ses-01,BTEright SD,256.0,273.23333333333335
1408000,1410560,5500.0,5510.0,-0.00019464517187857633,0.0001102940468603674,0.0005479799496452278,8.750892891203174e-06,5.0051519708477435e-08,1.768095127289344e-05,9066.672403446495,3.221480188149541,14.220800562854825,0.9656524369458005,126.7621328478345,32.89427263833068,26.468555856820707,EXTREME,/Volumes/Verbatim/SEIZEL_IT2/SUB10/sub-010_ses-01_task-szMonitoring_run-01_eeg.edf,sub-010_ses-01_task-szMonitoring_run-01_eeg.edf,ses-01,BTEright SD,256.0,273.23333333333335
437760,440320,1710.0,1720.0,0.00024228461748731594,4.838786051415739e-05,0.0002289891813534752,9.23240566824979e-06,6.104322091611256e-08,1.321951611803838e-05,20666.340042893164,1.6004443298641249,3.980664686580152,1.1980006691065983,154.869836219856,12.227999157814926,26.04916393534969,EXTREME,/Volumes/Verbatim/SEIZEL_IT2/SUB10/sub-010_ses-01_task-szMonitoring_run-01_eeg.edf,sub-010_ses-01_task-szMonitoring_run-01_eeg.edf,ses-01,BTEright SD,256.0,273.23333333333335
2776320,2778880,10845.0,10855.0,-8.334612706950453e-06,0.0001996351899289214,0.000691985961699855,9.120246910048065e-06,3.992367482693138e-08,1.3536206163585319e-05,5009.136892883993,1.7155117693706636,18.843633813913385,1.143879801641023,100.8634612636212,62.71921590637385,25.99937262257118,EXTREME,/Volumes/Verbatim/SEIZEL_IT2/SUB10/sub-010_ses-01_task-szMonitoring_run-01_eeg.edf,sub-010_ses-01_task-szMonitoring_run-01_eeg.edf,ses-01,BTEright SD,256.0,273.23333333333335
165120,167680,645.0,655.0,1.1050871141136313e-05,0.0002787829820465454,0.0011099787899595637,2.8603069733730065e-05,7.784207283174247e-08,4.001783089530474e-05,3587.0195127119387,8.40483350373129,28.874434734216074,8.004265707952124,66.2837454472828,56.1857692541568,25.87857055724769,EXTREME,/Volumes/Verbatim/SEIZEL_IT2/SUB10/sub-010_ses-01_task-szMonitoring_run-05_eeg.edf,sub-010_ses-01_task-szMonitoring_run-05_eeg.edf,ses-01,BTEright SD,256.0,104.2
197120,199680,770.0,780.0,-9.233585545295462e-05,0.00029286046457430815,0.0009999371023117418,1.4651173454547186e-05,9.429316191290852e-08,3.037977961102127e-05,3414.5954048081226,5.888716878486659,25.774652833722257,3.034477825428334,80.4668195577076,59.15161375213258,25.808061348169847,HIGH,/Volumes/Verbatim/SEIZEL_IT2/SUB10/sub-010_ses-01_task-szMonitoring_run-05_eeg.edf,sub-010_ses-01_task-szMonitoring_run-05_eeg.edf,ses-01,BTEright SD,256.0,104.2
2556160,2558720,9985.0,9995.0,-2.9559248505092673e-05,0.00015401975993792764,0.0007019880674448767,3.1403054975394826e-05,2.459583562352268e-08,5.025750129562671e-05,6492.673368081746,15.057975372577426,19.16471809615259,11.896182353854408,61.667494276801335,47.49132016986138,25.481727628909837,EXTREME,/Volumes/Verbatim/SEIZEL_IT2/SUB10/sub-010_ses-01_task-szMonitoring_run-01_eeg.edf,sub-010_ses-01_task-szMonitoring_run-01_eeg.edf,ses-01,BTEright SD,256.0,273.23333333333335
2562560,2565120,10010.0,10020.0,-2.8573194285496273e-05,0.00018658006599283605,0.0007759793392843519,1.1664232745384147e-05,3.5628548457567776e-08,1.7582449067104264e-05,5359.62933295761,3.1856899990820833,21.53996137153672,2.3714497429994523,89.8800715539773,58.36099619507862,25.21538407519042,EXTREME,/Volumes/Verbatim/SEIZEL_IT2/SUB10/sub-010_ses-01_task-szMonitoring_run-01_eeg.edf,sub-010_ses-01_task-szMonitoring_run-01_eeg.edf,ses-01,BTEright SD,256.0,273.23333333333335
1406720,1409280,5495.0,5505.0,-0.00012096108683575569,0.00016102323098407352,0.0005479799496452278,8.897774400129701e-06,4.0560065445037514e-08,1.7697001769372016e-05,6210.283992429788,3.2273120403298288,14.220800562854825,1.036528352524849,102.490823433004,49.82930376237492,24.537578888379464,EXTREME,/Volumes/Verbatim/SEIZEL_IT2/SUB10/sub-010_ses-01_task-szMonitoring_run-01_eeg.edf,sub-010_ses-01_task-szMonitoring_run-01_eeg.edf,ses-01,BTEright SD,256.0,273.23333333333335
2553600,2556160,9975.0,9985.0,-7.493186504587241e-05,0.0001566393903817589,0.0008079826047150377,1.9623522890917067e-05,3.0150683018421906e-08,2.7773623894541315e-05,6384.090177947747,6.888592598787769,22.567319587104173,6.212110017711946,75.87221108116817,48.365836956719086,24.384308688386078,EXTREME,/Volumes/Verbatim/SEIZEL_IT2/SUB10/sub-010_ses-01_task-szMonitoring_run-01_eeg.edf,sub-010_ses-01_task-szMonitoring_run-01_eeg.edf,ses-01,BTEright SD,256.0,273.23333333333335
199680,202240,780.0,790.0,-5.8562738159952785e-05,0.00028764575731006785,0.0009329638666361486,1.5843642423895626e-05,8.616967599927363e-08,2.9194035954600356e-05,3476.4983355744453,5.579165783644067,23.888073045623017,3.4592457362245144,73.46327090633106,58.052979048257065,24.246960321420296,HIGH,/Volumes/Verbatim/SEIZEL_IT2/SUB10/sub-010_ses-01_task-szMonitoring_run-05_eeg.edf,sub-010_ses-01_task-szMonitoring_run-05_eeg.edf,ses-01,BTEright SD,256.0,104.2
761600,764160,2975.0,2985.0,-8.62577374506466e-05,0.0005544068807828367,0.0024109668574044405,4.081802489843214e-05,3.148073867294592e-07,0.00015356768102272168,1803.7294140077142,34.62630904686664,14.676464360239104,5.388346784951426,38.009347696258736,19.114033313026248,23.744975881182864,EXTREME,/Volumes/Verbatim/SEIZEL_IT2/SUB10/sub-010_ses-01_task-szMonitoring_run-10_eeg.edf,sub-010_ses-01_task-szMonitoring_run-10_eeg.edf,ses-01,BTEright SD,256.0,213.85
4175360,4177920,16310.0,16320.0,8.594555105334939e-05,0.00014408522450951229,0.0008689850308995193,1.8910882352941176e-05,2.8147189667820444e-08,2.5709177904289574e-05,6940.336848999008,6.138488459304801,24.52559924596933,5.868233848567658,70.74892800216612,44.17485313832256,23.25706209382125,EXTREME,/Volumes/Verbatim/SEIZEL_IT2/SUB10/sub-010_ses-01_task-szMonitoring_run-01_eeg.edf,sub-010_ses-01_task-szMonitoring_run-01_eeg.edf,ses-01,BTEright SD,256.0,273.23333333333335
2081280,2083840,8130.0,8140.0,5.976570943722824e-05,0.00016659552992030595,0.0006939829098954757,1.5446475690470745e-05,3.132601061396275e-08,2.1325738255959827e-05,6002.561980359296,4.545791803198549,18.907739182763226,4.1965258443724425,78.87772940780043,51.68951613416184,23.212491161132874,EXTREME,/Volumes/Verbatim/SEIZEL_IT2/SUB10/sub-010_ses-01_task-szMonitoring_run-01_eeg.edf,sub-010_ses-01_task-szMonitoring_run-01_eeg.edf,ses-01,BTEright SD,256.0,273.23333333333335
678400,680960,2650.0,2660.0,0.00020990350466353855,7.492337933178662e-05,0.0003729838406958114,1.8614031815060655e-05,4.967299404053095e-08,2.4093495501989992e-05,13346.96853734648,5.561902423721959,9.691860812999499,5.4795003745954,104.95442283840822,14.307267043947645,22.154828215977663,EXTREME,/Volumes/Verbatim/SEIZEL_IT2/SUB100/sub-100_ses-01_task-szMonitoring_run-03_eeg.edf,sub-100_ses-01_task-szMonitoring_run-03_eeg.edf,ses-01,BTEleft SD,256.0,64.25
0,2560,0.0,10.0,0.000605279754377432,2.167273269338815e-05,0.00012298832684824897,7.475413424124511e-06,3.668332884016033e-07,9.437512483152433e-06,46140.9259278204,-0.3438642398232764,-0.9196859553820221,-0.124052906310834,147.52310527013896,0.9222668028539586,21.89159221452952,EXTREME,/Volumes/Verbatim/SEIZEL_IT2/SUB100/sub-100_ses-01_task-szMonitoring_run-01_eeg.edf,sub-100_ses-01_task-szMonitoring_run-01_eeg.edf,ses-01,BTEleft SD,256.0,1277.7666666666667
183040,185600,715.0,725.0,0.00046609533073929964,0.00019523396770188301,0.0006750194552529182,9.45e-06,2.5536115948159694e-07,1.229159483057775e-05,5122.059478937156,0.47363688510165164,15.999101111780556,0.5572793714250267,100.86733619026604,32.33482990556001,21.840632425522603,EXTREME,/Volumes/Verbatim/SEIZEL_IT2/SUB100/sub-100_ses-01_task-szMonitoring_run-01_eeg.edf,sub-100_ses-01_task-szMonitoring_run-01_eeg.edf,ses-01,BTEleft SD,256.0,1277.7666666666667
1280,3840,5.0,15.0,0.0005900603477626459,2.3686360189254097e-05,0.00014502723735408565,7.776714494163424e-06,3.487322576607897e-07,9.921978347881057e-06,42218.38854900493,-0.20509760971512342,-0.24423195495622055,-0.020088792079557494,139.9470634511376,1.2867099388810628,20.9960821987513,EXTREME,/Volumes/Verbatim/SEIZEL_IT2/SUB100/sub-100_ses-01_task-szMonitoring_run-01_eeg.edf,sub-100_ses-01_task-szMonitoring_run-01_eeg.edf,ses-01,BTEleft SD,256.0,1277.7666666666667
677120,679680,2645.0,2655.0,0.00015149631823643854,0.0001318894527579697,0.00048398590066376745,1.7038931391622795e-05,4.034596218799298e-08,2.2394505894892197e-05,7582.107374825433,4.9397446854662865,13.632880007589565,4.73527687436917,84.92134254968803,27.81943205663753,20.92268660442191,EXTREME,/Volumes/Verbatim/SEIZEL_IT2/SUB100/sub-100_ses-01_task-szMonitoring_run-03_eeg.edf,sub-100_ses-01_task-szMonitoring_run-03_eeg.edf,ses-01,BTEleft SD,256.0,64.25
181760,184320,710.0,720.0,0.00038756128404669255,0.000246611869935153,0.0008250272373540855,9.005119163424123e-06,2.1102116328483394e-07,1.2042297502215675e-05,4054.954841419421,0.4022300994633099,20.596576857616604,0.403772972967474,82.30918498600265,41.633632117403344,20.850591460569706,EXTREME,/Volumes/Verbatim/SEIZEL_IT2/SUB100/sub-100_ses-01_task-szMonitoring_run-01_eeg.edf,sub-100_ses-01_task-szMonitoring_run-01_eeg.edf,ses-01,BTEleft SD,256.0,1277.7666666666667
13882880,13885440,54230.0,54240.0,0.00010204491731517513,0.00022615754461944017,0.0017109727626459141,1.0985408560311285e-05,6.156040013815502e-08,4.191652969210139e-05,4421.696376572462,8.959172558930709,47.74925525608927,1.0870730125006016,19.753576517476073,37.931637344943596,19.659176261459496,EXTREME,/Volumes/Verbatim/SEIZEL_IT2/SUB100/sub-100_ses-01_task-szMonitoring_run-01_eeg.edf,sub-100_ses-01_task-szMonitoring_run-01_eeg.edf,ses-01,BTEleft SD,256.0,1277.7666666666667
2560,5120,10.0,20.0,0.0005642381687743191,2.257298919622498e-05,0.00013600000000000005,7.473443579766536e-06,3.188742509430498e-07,9.481255525373106e-06,44300.73248192152,-0.3313348234049668,-0.5209009664300643,-0.1247326022834501,127.4502332559609,1.0852027499425998,18.98096136145395,EXTREME,/Volumes/Verbatim/SEIZEL_IT2/SUB100/sub-100_ses-01_task-szMonitoring_run-01_eeg.edf,sub-100_ses-01_task-szMonitoring_run-01_eeg.edf,ses-01,BTEleft SD,256.0,1277.7666666666667
99840,102400,390.0,400.0,6.83849242055772e-05,0.0002235140310731721,0.001104994811932555,1.2305272880188067e-05,5.463501994518148e-08,2.143519778667842e-05,4473.9920385518735,2.998790922980266,11.562686772835587,1.991446662596113,88.78303978763184,17.41386235166156,18.819245713440367,EXTREME,/Volumes/Verbatim/SEIZEL_IT2/SUB10/sub-010_ses-01_task-szMonitoring_run-08_eeg.edf,sub-010_ses-01_task-szMonitoring_run-08_eeg.edf,ses-01,BTEright SD,256.0,227.28333333333333
99840,102400,390.0,400.0,6.83849242055772e-05,0.0002235140310731721,0.001104994811932555,1.2305272880188067e-05,5.463501994518148e-08,2.143519778667842e-05,4473.9920385518735,2.998790922980266,11.562686772835587,1.991446662596113,88.78303978763184,17.41386235166156,18.819245713440367,EXTREME,/Volumes/Verbatim/SEIZEL_IT2/SUB10/sub-010_ses-01_task-szMonitoring_run-08_eeg (1).edf,sub-010_ses-01_task-szMonitoring_run-08_eeg (1).edf,ses-01,BTEright SD,256.0,227.28333333333333
3200000,3202560,12500.0,12510.0,-0.00022880970644860565,0.0001262907402584448,0.00045797587548638137,7.439290997892349e-06,6.830323284012307e-08,1.045727318197063e-05,7918.236840130448,0.2795446707440774,3.9052507041044073,0.16334072255382281,111.22908803289477,9.202901509116248,18.516212275937914,EXTREME,/Volumes/Verbatim/SEIZEL_IT2/SUB10/sub-010_ses-01_task-szMonitoring_run-08_eeg.edf,sub-010_ses-01_task-szMonitoring_run-08_eeg.edf,ses-01,BTEright SD,256.0,227.28333333333333
3200000,3202560,12500.0,12510.0,-0.00022880970644860565,0.0001262907402584448,0.00045797587548638137,7.439290997892349e-06,6.830323284012307e-08,1.045727318197063e-05,7918.236840130448,0.2795446707440774,3.9052507041044073,0.16334072255382281,111.22908803289477,9.202901509116248,18.516212275937914,EXTREME,/Volumes/Verbatim/SEIZEL_IT2/SUB10/sub-010_ses-01_task-szMonitoring_run-08_eeg (1).edf,sub-010_ses-01_task-szMonitoring_run-08_eeg (1).edf,ses-01,BTEright SD,256.0,227.28333333333333
5120,7680,20.0,30.0,0.0005497284046692606,1.4832572803664838e-05,0.00012398443579766537,8.034910019455253e-06,3.024213241161864e-07,1.0294168855325069e-05,67419.18248557237,-0.09849025874070605,-0.8891569610124928,0.06900172818304043,120.56399216449452,-0.3157225105893103,17.854523936490107,EXTREME,/Volumes/Verbatim/SEIZEL_IT2/SUB100/sub-100_ses-01_task-szMonitoring_run-01_eeg.edf,sub-100_ses-01_task-szMonitoring_run-01_eeg.edf,ses-01,BTEleft SD,256.0,1277.7666666666667
6400,8960,25.0,35.0,0.0005457018725680933,1.604105370526062e-05,0.00012398443579766537,7.970719844357975e-06,2.980478491282987e-07,1.0152851616591213e-05,62340.040500706775,-0.13896806826867192,-0.8891569610124928,0.046852869914872995,118.73350914521068,-0.09700153537883442,17.583226576130155,EXTREME,/Volumes/Verbatim/SEIZEL_IT2/SUB100/sub-100_ses-01_task-szMonitoring_run-01_eeg.edf,sub-100_ses-01_task-szMonitoring_run-01_eeg.edf,ses-01,BTEleft SD,256.0,1277.7666666666667
3840,6400,15.0,25.0,0.0005515950875486381,1.244758426772692e-05,8.398443579766537e-05,7.404353112840467e-06,3.044120829618919e-07,9.37403730079523e-06,80336.86682932136,-0.3620455768224138,-2.115086891163836,-0.14857230917485426,121.39720837646442,-0.7473776718395374,17.555395697330123,EXTREME,/Volumes/Verbatim/SEIZEL_IT2/SUB100/sub-100_ses-01_task-szMonitoring_run-01_eeg.edf,sub-100_ses-01_task-szMonitoring_run-01_eeg.edf,ses-01,BTEleft SD,256.0,1277.7666666666667
7680,10240,30.0,40.0,0.0005418687378404669,1.4482841956007881e-05,0.00011501945525291832,7.1813472762645895e-06,2.9383148175994335e-07,9.043670344434051e-06,69047.21697511555,-0.45667331547435724,-1.1639179103382402,-0.22552060632169685,116.96878226504977,-0.3790197227833199,17.06969200373112,EXTREME,/Volumes/Verbatim/SEIZEL_IT2/SUB100/sub-100_ses-01_task-szMonitoring_run-01_eeg.edf,sub-100_ses-01_task-szMonitoring_run-01_eeg.edf,ses-01,BTEleft SD,256.0,1277.7666666666667
2560,5120,10.0,20.0,0.00012055693366974712,0.00020542348004607718,0.0006509693904020753,8.05651994163424e-06,5.673278041009287e-08,1.2270561395221713e-05,4867.992670106182,0.7286985277483915,6.189319096698644,0.39522812487358494,92.22799875661543,15.886030853069215,16.99475682782562,EXTREME,/Volumes/Verbatim/SEIZEL_IT2/SUB10/sub-010_ses-01_task-szMonitoring_run-08_eeg.edf,sub-010_ses-01_task-szMonitoring_run-08_eeg.edf,ses-01,BTEright SD,256.0,227.28333333333333
2560,5120,10.0,20.0,0.00012055693366974712,0.00020542348004607718,0.0006509693904020753,8.05651994163424e-06,5.673278041009287e-08,1.2270561395221713e-05,4867.992670106182,0.7286985277483915,6.189319096698644,0.39522812487358494,92.22799875661543,15.886030853069215,16.99475682782562,EXTREME,/Volumes/Verbatim/SEIZEL_IT2/SUB10/sub-010_ses-01_task-szMonitoring_run-08_eeg (1).edf,sub-010_ses-01_task-szMonitoring_run-08_eeg (1).edf,ses-01,BTEright SD,256.0,227.28333333333333
13881600,13884160,54225.0,54235.0,2.2560797665369833e-06,0.0001711698118781473,0.0017109727626459141,1.059072227626459e-05,2.9304194394313307e-08,4.146230097574577e-05,5842.151622330054,8.829066822167748,47.74925525608927,0.950886274382316,6.252999277603757,27.979497833340933,16.566101368827688,EXTREME,/Volumes/Verbatim/SEIZEL_IT2/SUB100/sub-100_ses-01_task-szMonitoring_run-01_eeg.edf,sub-100_ses-01_task-szMonitoring_run-01_eeg.edf,ses-01,BTEleft SD,256.0,1277.7666666666667
8960,11520,35.0,45.0,0.0005330778331712061,1.5004978031205886e-05,0.00010400000000000003,7.296911478599221e-06,2.843971255842253e-07,9.226090243730906e-06,66644.5449820555,-0.4044223798913668,-1.5016449105511394,-0.18564510926152286,113.02010785274491,-0.2845191713810799,16.445558423849118,EXTREME,/Volumes/Verbatim/SEIZEL_IT2/SUB100/sub-100_ses-01_task-szMonitoring_run-01_eeg.edf,sub-100_ses-01_task-szMonitoring_run-01_eeg.edf,ses-01,BTEleft SD,256.0,1277.7666666666667
689920,692480,2695.0,2705.0,1.0410096990157944e-05,0.0001446697261426586,0.0006559816891737239,1.6733502946898603e-05,2.103769978153634e-08,2.2279097585648233e-05,6912.2961641719385,4.897482995132707,19.739421670889055,4.5909641544822914,43.450060244699465,30.85087081474285,16.182792331549923,EXTREME,/Volumes/Verbatim/SEIZEL_IT2/SUB100/sub-100_ses-01_task-szMonitoring_run-03_eeg.edf,sub-100_ses-01_task-szMonitoring_run-03_eeg.edf,ses-01,BTEleft SD,256.0,64.25
120320,122880,470.0,480.0,0.00010562105869001302,0.00019818845983055126,0.0007999795071335927,7.017373236867704e-06,5.04344736488052e-08,1.2136342269505525e-05,5045.702438019274,0.6954522751347012,7.952846218073227,0.004829987455359828,81.88486915262393,15.274999615730062,15.64517387186946,EXTREME,/Volumes/Verbatim/SEIZEL_IT2/SUB10/sub-010_ses-01_task-szMonitoring_run-08_eeg (1).edf,sub-010_ses-01_task-szMonitoring_run-08_eeg (1).edf,ses-01,BTEright SD,256.0,227.28333333333333
120320,122880,470.0,480.0,0.00010562105869001302,0.00019818845983055126,0.0007999795071335927,7.017373236867704e-06,5.04344736488052e-08,1.2136342269505525e-05,5045.702438019274,0.6954522751347012,7.952846218073227,0.004829987455359828,81.88486915262393,15.274999615730062,15.64517387186946,EXTREME,/Volumes/Verbatim/SEIZEL_IT2/SUB10/sub-010_ses-01_task-szMonitoring_run-08_eeg.edf,sub-010_ses-01_task-szMonitoring_run-08_eeg.edf,ses-01,BTEright SD,256.0,227.28333333333333
10240,12800,40.0,50.0,0.0005192660384241244,1.5186048511788643e-05,0.00010300389105058364,7.714871108949418e-06,2.6986783473008676e-07,9.745027193141553e-06,65849.91042098994,-0.2557821206882584,-1.5321739049206688,-0.04142788909639633,106.93898923096415,-0.25174752224488434,15.61142953137583,EXTREME,/Volumes/Verbatim/SEIZEL_IT2/SUB100/sub-100_ses-01_task-szMonitoring_run-01_eeg.edf,sub-100_ses-01_task-szMonitoring_run-01_eeg.edf,ses-01,BTEleft SD,256.0,1277.7666666666667
1594880,1597440,6230.0,6240.0,-5.871569694390372e-06,0.00022166951938931012,0.0009209841763942931,5.627735793612191e-06,4.9171851156963815e-08,9.815205563064356e-06,4511.2201183263105,0.1205036835574498,9.384930298905779,-0.5172443905367852,79.81138042478048,17.25808472797806,15.513229007433782,EXTREME,/Volumes/Verbatim/SEIZEL_IT2/SUB10/sub-010_ses-01_task-szMonitoring_run-08_eeg (1).edf,sub-010_ses-01_task-szMonitoring_run-08_eeg (1).edf,ses-01,BTEright SD,256.0,227.28333333333333
1594880,1597440,6230.0,6240.0,-5.871569694390372e-06,0.00022166951938931012,0.0009209841763942931,5.627735793612191e-06,4.9171851156963815e-08,9.815205563064356e-06,4511.2201183263105,0.1205036835574498,9.384930298905779,-0.5172443905367852,79.81138042478048,17.25808472797806,15.513229007433782,EXTREME,/Volumes/Verbatim/SEIZEL_IT2/SUB10/sub-010_ses-01_task-szMonitoring_run-08_eeg.edf,sub-010_ses-01_task-szMonitoring_run-08_eeg.edf,ses-01,BTEright SD,256.0,227.28333333333333
1528320,1530880,5970.0,5980.0,-2.543545770509077e-05,0.0001591003779669517,0.0008439629053177692,3.827671621676395e-05,2.5959892777894347e-08,5.480379604296117e-05,6285.340151249545,11.264236261515373,8.473387489292879,11.748685999596326,41.6925172165224,11.973828601020855,15.438157831888667,EXTREME,/Volumes/Verbatim/SEIZEL_IT2/SUB10/sub-010_ses-01_task-szMonitoring_run-08_eeg.edf,sub-010_ses-01_task-szMonitoring_run-08_eeg.edf,ses-01,BTEright SD,256.0,227.28333333333333
1528320,1530880,5970.0,5980.0,-2.543545770509077e-05,0.0001591003779669517,0.0008439629053177692,3.827671621676395e-05,2.5959892777894347e-08,5.480379604296117e-05,6285.340151249545,11.264236261515373,8.473387489292879,11.748685999596326,41.6925172165224,11.973828601020855,15.438157831888667,EXTREME,/Volumes/Verbatim/SEIZEL_IT2/SUB10/sub-010_ses-01_task-szMonitoring_run-08_eeg (1).edf,sub-010_ses-01_task-szMonitoring_run-08_eeg (1).edf,ses-01,BTEright SD,256.0,227.28333333333333
11520,14080,45.0,55.0,0.0005108487354085603,1.4269729086390836e-05,0.00011698054474708168,7.3105544747081735e-06,2.611700556367242e-07,9.34719244637238e-06,70078.41030950604,-0.3697348079018617,-1.1038139526732347,-0.18093758530302892,103.29860327243564,-0.4175906713278875,15.066673933371652,EXTREME,/Volumes/Verbatim/SEIZEL_IT2/SUB100/sub-100_ses-01_task-szMonitoring_run-01_eeg.edf,sub-100_ses-01_task-szMonitoring_run-01_eeg.edf,ses-01,BTEleft SD,256.0,1277.7666666666667
3198720,3201280,12495.0,12505.0,-0.00011876111877837219,0.00019156545164001902,0.0005419670557717251,7.599512808041504e-06,5.080152559553509e-08,1.1020185718989439e-05,5220.147924475475,0.4189788408392824,4.8992820332412474,0.22353462584879585,82.48764478745956,14.715655651371268,15.015918209367818,EXTREME,/Volumes/Verbatim/SEIZEL_IT2/SUB10/sub-010_ses-01_task-szMonitoring_run-08_eeg.edf,sub-010_ses-01_task-szMonitoring_run-08_eeg.edf,ses-01,BTEright SD,256.0,227.28333333333333
3198720,3201280,12495.0,12505.0,-0.00011876111877837219,0.00019156545164001902,0.0005419670557717251,7.599512808041504e-06,5.080152559553509e-08,1.1020185718989439e-05,5220.147924475475,0.4189788408392824,4.8992820332412474,0.22353462584879585,82.48764478745956,14.715655651371268,15.015918209367818,EXTREME,/Volumes/Verbatim/SEIZEL_IT2/SUB10/sub-010_ses-01_task-szMonitoring_run-08_eeg (1).edf,sub-010_ses-01_task-szMonitoring_run-08_eeg (1).edf,ses-01,BTEright SD,256.0,227.28333333333333
12800,15360,50.0,60.0,0.0005071517874513619,1.3997395873843985e-05,0.00010997665369649799,6.410931420233463e-06,2.573988626063604e-07,8.241958490794519e-06,71441.85515441334,-0.6863094164814665,-1.3184709443339766,-0.4913530577353691,101.72020055522782,-0.46687981255617994,14.609169005846173,EXTREME,/Volumes/Verbatim/SEIZEL_IT2/SUB100/sub-100_ses-01_task-szMonitoring_run-01_eeg.edf,sub-100_ses-01_task-szMonitoring_run-01_eeg.edf,ses-01,BTEleft SD,256.0,1277.7666666666667
688640,691200,2690.0,2700.0,5.3406088921950115e-05,0.00011972256669084268,0.0006509905241474021,1.6394429646372166e-05,1.7185703308982512e-08,2.198817374870686e-05,8352.644111194484,4.790948784658465,19.56221525528038,4.430754484802775,35.17654345751923,24.933486750214932,14.245256216296472,EXTREME,/Volumes/Verbatim/SEIZEL_IT2/SUB100/sub-100_ses-01_task-szMonitoring_run-03_eeg.edf,sub-100_ses-01_task-szMonitoring_run-03_eeg.edf,ses-01,BTEleft SD,256.0,64.25
143360,145920,560.0,570.0,-0.0001531127102585927,0.00014809880597551112,0.0005409605706874189,9.983702983138781e-06,4.537675837410385e-08,1.6774501723690364e-05,6752.248856166377,1.8443304253505706,4.887370333671002,1.1192535838547557,73.57904878390815,11.044694480264699,13.988167197990542,EXTREME,/Volumes/Verbatim/SEIZEL_IT2/SUB10/sub-010_ses-01_task-szMonitoring_run-08_eeg.edf,sub-010_ses-01_task-szMonitoring_run-08_eeg.edf,ses-01,BTEright SD,256.0,227.28333333333333
143360,145920,560.0,570.0,-0.0001531127102585927,0.00014809880597551112,0.0005409605706874189,9.983702983138781e-06,4.537675837410385e-08,1.6774501723690364e-05,6752.248856166377,1.8443304253505706,4.887370333671002,1.1192535838547557,73.57904878390815,11.044694480264699,13.988167197990542,EXTREME,/Volumes/Verbatim/SEIZEL_IT2/SUB10/sub-010_ses-01_task-szMonitoring_run-08_eeg (1).edf,sub-010_ses-01_task-szMonitoring_run-08_eeg (1).edf,ses-01,BTEright SD,256.0,227.28333333333333
803840,806400,3140.0,3150.0,-6.544011787594403e-06,0.00010807088036952075,0.0007679989013504234,1.3347103599221791e-05,1.172213927411944e-08,2.5505382347765347e-05,9253.186310017734,6.078925201831259,23.716482848314786,2.9909150793946755,23.441618702952976,22.169745126811414,13.202320724306919,EXTREME,/Volumes/Verbatim/SEIZEL_IT2/SUB100/sub-100_ses-01_task-szMonitoring_run-03_eeg.edf,sub-100_ses-01_task-szMonitoring_run-03_eeg.edf,ses-01,BTEleft SD,256.0,64.25
856320,858880,3345.0,3355.0,0.00014622085488670176,6.788817733901681e-05,0.00024497798123140305,4.705285248340581e-06,2.598934302621169e-08,6.679403316005815e-06,14730.105070815816,-0.815012516160941,5.147138405912077,-1.0922812715875834,54.08545511093311,12.63854030000082,9.902389342848618,EXTREME,/Volumes/Verbatim/SEIZEL_IT2/SUB100/sub-100_ses-01_task-szMonitoring_run-03_eeg.edf,sub-100_ses-01_task-szMonitoring_run-03_eeg.edf,ses-01,BTEleft SD,256.0,64.25
679680,682240,2655.0,2665.0,9.271711704623485e-05,6.47300025005609e-05,0.0003089809109636072,1.970975795376516e-05,1.278643701708783e-08,2.5008432092501046e-05,15448.786434737869,5.896945603163227,7.419499609455789,5.997223009991675,25.727572313177618,11.889431629004946,9.79535449487376,EXTREME,/Volumes/Verbatim/SEIZEL_IT2/SUB100/sub-100_ses-01_task-szMonitoring_run-03_eeg.edf,sub-100_ses-01_task-szMonitoring_run-03_eeg.edf,ses-01,BTEleft SD,256.0,64.25
857600,860160,3350.0,3360.0,0.0001656491989013504,3.8188529951597045e-05,0.00018597830167086288,4.167765363927672e-06,2.8898020916523184e-08,6.35109734511808e-06,26185.872435561178,-0.935235794425873,3.052412689201277,-1.346255509589403,60.33286357183373,5.593881748318569,9.623216618480235,EXTREME,/Volumes/Verbatim/SEIZEL_IT2/SUB100/sub-100_ses-01_task-szMonitoring_run-03_eeg.edf,sub-100_ses-01_task-szMonitoring_run-03_eeg.edf,ses-01,BTEleft SD,256.0,64.25
2044160,2046720,7985.0,7995.0,7.111276065508918e-06,0.00013846308884362993,0.000555992904554818,8.598531146286334e-06,1.9222597219398835e-08,1.090907483913971e-05,7222.141302272878,-0.5799735437825243,9.191123469995516,-0.5699143383552311,40.98825574335981,18.686099921629246,9.53809943967107,EXTREME,/Volumes/Verbatim/SEIZEL_IT2/SUB100/sub-100_ses-01_task-szMonitoring_run-08_eeg.edf,sub-100_ses-01_task-szMonitoring_run-08_eeg.edf,ses-01,BTEleft SD,256.0,450.6666666666667
802560,805120,3135.0,3145.0,7.911664554245824e-05,4.1453702854305306e-05,0.0007679989013504234,8.77973535133898e-06,7.977853082224018e-09,2.1792016168372658e-05,24123.296762929465,4.719117293746109,23.716482848314786,0.8328667837549463,15.399447614432844,6.368370007782827,9.508315122168295,HIGH,/Volumes/Verbatim/SEIZEL_IT2/SUB100/sub-100_ses-01_task-szMonitoring_run-03_eeg.edf,sub-100_ses-01_task-szMonitoring_run-03_eeg.edf,ses-01,BTEleft SD,256.0,64.25
6136320,6138880,23970.0,23980.0,5.844061796654471e-06,8.977679504820006e-05,0.0007669861600671398,2.2218317460374225e-05,8.094025987409636e-09,4.3588162813528545e-05,11138.73566464894,6.925295647024314,13.932748253739824,3.634025105584763,15.918485025646861,10.953430978985862,9.420324000069042,EXTREME,/Volumes/Verbatim/SEIZEL_IT2/SUB100/sub-100_ses-01_task-szMonitoring_run-08_eeg.edf,sub-100_ses-01_task-szMonitoring_run-08_eeg.edf,ses-01,BTEleft SD,256.0,450.6666666666667
5980160,5982720,23360.0,23370.0,-4.45466475452047e-06,8.957408902289038e-05,0.0007019908903639278,2.2586173239967195e-05,8.04336146235586e-09,4.148541941593143e-05,11163.942605997483,6.4423673826086585,12.472117766274321,3.7475689884217935,15.804351054614811,10.921235910020767,8.961542184046552,EXTREME,/Volumes/Verbatim/SEIZEL_IT2/SUB100/sub-100_ses-01_task-szMonitoring_run-08_eeg.edf,sub-100_ses-01_task-szMonitoring_run-08_eeg.edf,ses-01,BTEleft SD,256.0,450.6666666666667
6785280,6787840,26505.0,26515.0,3.854759990486955e-05,0.00010452449006882767,0.0007049852903028916,1.4130087071793698e-05,1.2411286482574355e-08,2.52008030806191e-05,9567.13579539475,2.7023477908343825,12.539410537925047,1.137478538840415,25.644147780206335,13.295754338836439,8.857397143059721,EXTREME,/Volumes/Verbatim/SEIZEL_IT2/SUB100/sub-100_ses-01_task-szMonitoring_run-08_eeg.edf,sub-100_ses-01_task-szMonitoring_run-08_eeg.edf,ses-01,BTEleft SD,256.0,450.6666666666667
476160,478720,1860.0,1870.0,-4.324342584115357e-05,5.7756789328930275e-05,0.0006619880064087892,1.1086690461203937e-05,5.205840592065782e-09,2.0787505955960152e-05,17313.981512907958,4.351272900114501,19.952670069333397,1.9228863032603447,9.445576151930625,10.23540842928713,8.33843405527713,HIGH,/Volumes/Verbatim/SEIZEL_IT2/SUB100/sub-100_ses-01_task-szMonitoring_run-03_eeg.edf,sub-100_ses-01_task-szMonitoring_run-03_eeg.edf,ses-01,BTEleft SD,256.0,64.25
6124800,6127360,23925.0,23935.0,4.049411395151462e-06,8.129187252381792e-05,0.0006729843900205998,2.2176520263504233e-05,6.624766271075844e-09,3.95920978992821e-05,12301.352603307972,6.007536163991529,11.82025834743342,3.6211238103283074,12.60862579525614,9.605801250571746,8.042788083294976,EXTREME,/Volumes/Verbatim/SEIZEL_IT2/SUB100/sub-100_ses-01_task-szMonitoring_run-08_eeg.edf,sub-100_ses-01_task-szMonitoring_run-08_eeg.edf,ses-01,BTEleft SD,256.0,450.6666666666667
6786560,6789120,26510.0,26520.0,2.517317571240575e-06,9.685409269745117e-05,0.0007329843289845122,1.5296587969453348e-05,9.38705216000094e-09,2.6255898643376355e-05,10324.808811114983,2.944667167272461,13.168629398079723,1.497535519322581,18.8313360110174,12.077492711023973,7.996316164780829,EXTREME,/Volumes/Verbatim/SEIZEL_IT2/SUB100/sub-100_ses-01_task-szMonitoring_run-08_eeg.edf,sub-100_ses-01_task-szMonitoring_run-08_eeg.edf,ses-01,BTEleft SD,256.0,450.6666666666667
2042880,2045440,7980.0,7990.0,8.809919617141606e-05,9.884669073361498e-05,0.00043998089570458534,9.568393368047609e-06,1.7532136635036573e-08,1.2241498464745917e-05,10116.676465965407,-0.2739613933148389,6.584000246835886,-0.2705526629791553,37.180088605473074,12.393969890703284,7.983213309002442,EXTREME,/Volumes/Verbatim/SEIZEL_IT2/SUB100/sub-100_ses-01_task-szMonitoring_run-08_eeg.edf,sub-100_ses-01_task-szMonitoring_run-08_eeg.edf,ses-01,BTEleft SD,256.0,450.6666666666667
6123520,6126080,23920.0,23930.0,7.155014674887616e-07,8.461189175633621e-05,0.0006729843900205998,1.8484489198281454e-05,7.159684168935933e-09,3.52287834342808e-05,11818.669544242224,5.005432015624808,11.82025834743342,2.4815262670623524,13.813656411729657,10.133107964780555,7.697617386605341,EXTREME,/Volumes/Verbatim/SEIZEL_IT2/SUB100/sub-100_ses-01_task-szMonitoring_run-08_eeg.edf,sub-100_ses-01_task-szMonitoring_run-08_eeg.edf,ses-01,BTEleft SD,256.0,450.6666666666667
2045440,2048000,7990.0,8000.0,-0.00012209310764286257,7.041227915125778e-05,0.0003449996490424964,7.180044584954604e-06,1.986461598916628e-08,9.321782776908303e-06,14202.068131465518,-0.9445202600438258,4.449498686251208,-1.0077502535716896,42.43455671219145,7.877834563806164,7.510734558729899,EXTREME,/Volumes/Verbatim/SEIZEL_IT2/SUB100/sub-100_ses-01_task-szMonitoring_run-08_eeg.edf,sub-100_ses-01_task-szMonitoring_run-08_eeg.edf,ses-01,BTEleft SD,256.0,450.6666666666667
805120,807680,3145.0,3155.0,-6.916401851110093e-05,6.204030167793103e-05,0.0004739914854657817,1.0544124084458687e-05,8.632660488892603e-09,1.545668056029192e-05,16118.554501438948,2.3991630947636184,13.278038105147981,1.6665276343158668,16.80587675060771,11.251443451757014,7.474646088826894,HIGH,/Volumes/Verbatim/SEIZEL_IT2/SUB100/sub-100_ses-01_task-szMonitoring_run-03_eeg.edf,sub-100_ses-01_task-szMonitoring_run-03_eeg.edf,ses-01,BTEleft SD,256.0,64.25
691200,693760,2700.0,2710.0,-6.117879649233232e-05,4.822508166147125e-05,0.0005149842984664682,1.4286690604257268e-05,6.068503641505786e-09,1.937612157688626e-05,20736.097167935717,3.834434121686673,14.733447697749993,3.43486310915163,11.298448363023294,7.974518760942344,7.467933234518387,HIGH,/Volumes/Verbatim/SEIZEL_IT2/SUB100/sub-100_ses-01_task-szMonitoring_run-03_eeg.edf,sub-100_ses-01_task-szMonitoring_run-03_eeg.edf,ses-01,BTEleft SD,256.0,64.25
6135040,6137600,23965.0,23975.0,-6.659345274710068e-06,7.535817029709817e-05,0.0007669861600671398,1.69348500622282e-05,5.723200710014253e-09,3.5553431180303345e-05,13269.961077711387,5.079992502992064,13.932748253739824,2.0032082569487226,10.57763354731774,8.663372666538578,7.418170976936451,EXTREME,/Volumes/Verbatim/SEIZEL_IT2/SUB100/sub-100_ses-01_task-szMonitoring_run-08_eeg.edf,sub-100_ses-01_task-szMonitoring_run-08_eeg.edf,ses-01,BTEleft SD,256.0,450.6666666666667
4670720,4673280,18245.0,18255.0,-2.2748999431363105e-05,0.0006824267884342677,0.0031189681849393453,0.0005923026265485523,4.6622383854783693e-07,0.0008178866013085901,1465.3586516276723,6.9756686434767525,5.252206460413365,6.895607665783545,13.870785599547634,4.355370114725745,7.387201701860965,EXTREME,/Volumes/Verbatim/SEIZEL_IT2/SUB10/sub-010_ses-01_task-szMonitoring_run-11_eeg.edf,sub-010_ses-01_task-szMonitoring_run-11_eeg.edf,ses-01,BTEright SD,256.0,424.95
5981440,5984000,23365.0,23375.0,-9.772282654306843e-06,7.560557072523976e-05,0.0006889918364232853,1.9916842568617914e-05,5.811699832964898e-09,3.480766852427285e-05,13226.538430714165,4.90871631895821,12.17999166878122,2.923642368765751,10.776999007163463,8.702666386761475,7.225594008895434,EXTREME,/Volumes/Verbatim/SEIZEL_IT2/SUB100/sub-100_ses-01_task-szMonitoring_run-08_eeg.edf,sub-100_ses-01_task-szMonitoring_run-08_eeg.edf,ses-01,BTEleft SD,256.0,450.6666666666667
6137600,6140160,23975.0,23985.0,-6.946749512426552e-06,7.847142559643199e-05,0.0005479891813534752,1.972005084949836e-05,6.2060219639247574e-09,3.795580162585008e-05,12743.492037463086,5.631734855899758,9.011256809321614,2.8628998247074993,11.665304002118022,9.157839808868857,7.011518107575327,EXTREME,/Volumes/Verbatim/SEIZEL_IT2/SUB100/sub-100_ses-01_task-szMonitoring_run-08_eeg.edf,sub-100_ses-01_task-szMonitoring_run-08_eeg.edf,ses-01,BTEleft SD,256.0,450.6666666666667
6044160,6046720,23610.0,23620.0,0.0001516065231424524,0.000581052640050112,0.0025359615472648205,0.0007277407719872968,3.606067083685479e-07,0.0008300067732268404,1721.0144647010677,7.090190184791074,4.030799473980153,8.645482961124607,10.559865872554969,3.5498639083498214,6.955789323416056,EXTREME,/Volumes/Verbatim/SEIZEL_IT2/SUB10/sub-010_ses-01_task-szMonitoring_run-11_eeg.edf,sub-010_ses-01_task-szMonitoring_run-11_eeg.edf,ses-01,BTEright SD,256.0,424.95
6858240,6860800,26790.0,26800.0,-3.55699476424811e-05,7.994698495175225e-05,0.0005909882047760739,1.7271654465409707e-05,7.656741578164547e-09,3.0309651172140674e-05,12508.288937915644,3.8756755229871116,9.977568432137867,2.1071676938132233,14.933397214311945,9.392197594406086,6.952662999823107,EXTREME,/Volumes/Verbatim/SEIZEL_IT2/SUB100/sub-100_ses-01_task-szMonitoring_run-08_eeg.edf,sub-100_ses-01_task-szMonitoring_run-08_eeg.edf,ses-01,BTEleft SD,256.0,450.6666666666667
6028800,6031360,23550.0,23560.0,-1.3655634143492013e-05,8.716198633936407e-05,0.0005759742275120165,1.6330629959182117e-05,7.783688206484393e-09,2.8349563808813383e-05,11472.891228449313,3.425510472150951,9.640161217272317,1.8167071867087652,15.219374883773872,10.538130315954751,6.827021610210606,EXTREME,/Volumes/Verbatim/SEIZEL_IT2/SUB100/sub-100_ses-01_task-szMonitoring_run-08_eeg.edf,sub-100_ses-01_task-szMonitoring_run-08_eeg.edf,ses-01,BTEleft SD,256.0,450.6666666666667
1088000,1090560,4250.0,4260.0,-8.408252150568384e-06,8.330050963529121e-05,0.0006139779201953155,1.3410931509641793e-05,7.00967360972678e-09,2.8898877929548704e-05,12004.728330876986,3.5516691443164965,10.494213403269367,0.9155010155269958,13.475721716770874,9.924825858897721,6.538867927675449,EXTREME,/Volumes/Verbatim/SEIZEL_IT2/SUB100/sub-100_ses-01_task-szMonitoring_run-08_eeg.edf,sub-100_ses-01_task-szMonitoring_run-08_eeg.edf,ses-01,BTEleft SD,256.0,450.6666666666667
4872960,4875520,19035.0,19045.0,6.931891951819632e-05,0.000670228430280166,0.0030909697871366443,0.00046534368339079307,4.540112613589856e-07,0.0006829738063263696,1492.028617899655,5.700899495926801,5.193549428957325,5.255284568958126,13.487941806468342,4.258443498252575,6.534117243952979,EXTREME,/Volumes/Verbatim/SEIZEL_IT2/SUB10/sub-010_ses-01_task-szMonitoring_run-11_eeg.edf,sub-010_ses-01_task-szMonitoring_run-11_eeg.edf,ses-01,BTEright SD,256.0,424.95
537600,540160,2100.0,2110.0,-8.490532158388636e-06,4.1908749491648444e-05,0.0003009805447470817,2.1883158045319294e-05,1.8284324202863754e-09,2.883897315479479e-05,23861.36518671153,7.299662108111794,7.135454459012825,7.024138754194215,2.191404605960668,6.476305571574451,6.36314162853208,HIGH,/Volumes/Verbatim/SEIZEL_IT2/SUB100/sub-100_ses-01_task-szMonitoring_run-03_eeg.edf,sub-100_ses-01_task-szMonitoring_run-03_eeg.edf,ses-01,BTEleft SD,256.0,64.25
6042880,6045440,23605.0,23615.0,5.901623825174516e-05,0.0005940305882277075,0.0025359615472648205,0.0006174636658846419,3.5635525612754293e-07,0.0007265736728046557,1683.4149926522955,6.112867572276721,4.030799473980153,7.22069097962175,10.426589981899584,3.6529850488940925,6.319088743191581,EXTREME,/Volumes/Verbatim/SEIZEL_IT2/SUB10/sub-010_ses-01_task-szMonitoring_run-11_eeg.edf,sub-010_ses-01_task-szMonitoring_run-11_eeg.edf,ses-01,BTEright SD,256.0,424.95
47360,49920,185.0,195.0,6.596932922293432e-05,6.546132846409352e-05,0.00031599029526207373,1.0935465638590067e-05,8.637137922407836e-09,1.419544565760015e-05,15276.19448285899,1.9373079714658221,7.668360919511559,1.8514336738710764,16.81549361334777,12.062899739109499,6.31063072460268,HIGH,/Volumes/Verbatim/SEIZEL_IT2/SUB100/sub-100_ses-01_task-szMonitoring_run-03_eeg.edf,sub-100_ses-01_task-szMonitoring_run-03_eeg.edf,ses-01,BTEleft SD,256.0,64.25
3617280,3619840,14130.0,14140.0,-7.703933018854437e-05,0.0006687968203728399,0.0032099496452277407,0.00041550551452706563,4.5322424533672024e-07,0.0006332139160076605,1495.2224173962115,5.230726352066582,5.4428138807257564,4.611370107658033,13.463270175368779,4.24706810636183,6.285788357841561,EXTREME,/Volumes/Verbatim/SEIZEL_IT2/SUB10/sub-010_ses-01_task-szMonitoring_run-11_eeg.edf,sub-010_ses-01_task-szMonitoring_run-11_eeg.edf,ses-01,BTEright SD,256.0,424.95
4638720,4641280,18120.0,18130.0,0.00018156293389863233,0.0006115112223432348,0.00318296452277409,0.0004662119670369363,4.0691107401759617e-07,0.0006720094994403903,1635.2929624624578,5.5972995360834235,5.386279675170029,5.26650288634436,12.011430002474668,3.791883964405422,6.270514246743819,EXTREME,/Volumes/Verbatim/SEIZEL_IT2/SUB10/sub-010_ses-01_task-szMonitoring_run-11_eeg.edf,sub-010_ses-01_task-szMonitoring_run-11_eeg.edf,ses-01,BTEright SD,256.0,424.95
4672000,4674560,18250.0,18260.0,0.00015609768280427434,0.0006051937706230378,0.0031189681849393453,0.0004721804796578164,3.9062598657779383e-07,0.0006900387758440441,1652.363336982388,5.767655248564638,5.252206460413365,5.3436167064677536,11.500919849730382,3.741686289256378,6.237150576759042,EXTREME,/Volumes/Verbatim/SEIZEL_IT2/SUB10/sub-010_ses-01_task-szMonitoring_run-11_eeg.edf,sub-010_ses-01_task-szMonitoring_run-11_eeg.edf,ses-01,BTEright SD,256.0,424.95
3754240,3756800,14665.0,14675.0,-6.036168039382588e-05,0.000581912782796724,0.002955937514305333,0.0005760885960567349,3.422660192421937e-07,0.0007013776046770792,1718.4705815800119,5.874794005623284,4.910654945820763,6.686120661190956,9.984916057766364,3.5566984942063624,6.228940281456083,EXTREME,/Volumes/Verbatim/SEIZEL_IT2/SUB10/sub-010_ses-01_task-szMonitoring_run-11_eeg.edf,sub-010_ses-01_task-szMonitoring_run-11_eeg.edf,ses-01,BTEright SD,256.0,424.95
692480,695040,2705.0,2715.0,2.0805616273747e-06,5.7127103116201704e-05,0.0004469932707713435,1.3046811341268025e-05,3.2678346471344463e-09,1.8245438707850974e-05,17504.825694750944,3.420386211361265,12.319492990209032,2.8490291704204362,5.283026982093493,10.08604893334733,6.031898546751093,HIGH,/Volumes/Verbatim/SEIZEL_IT2/SUB100/sub-100_ses-01_task-szMonitoring_run-03_eeg.edf,sub-100_ses-01_task-szMonitoring_run-03_eeg.edf,ses-01,BTEleft SD,256.0,64.25
4637440,4640000,18115.0,18125.0,2.045804889562822e-05,0.0005955092524421644,0.00318296452277409,0.0004698022199194609,3.5504980150884134e-07,0.0006620692154343097,1679.2350315629806,5.503375402568098,5.386279675170029,5.312889336799694,10.385666171127449,3.6647343283788136,5.990338551799777,EXTREME,/Volumes/Verbatim/SEIZEL_IT2/SUB10/sub-010_ses-01_task-szMonitoring_run-11_eeg.edf,sub-010_ses-01_task-szMonitoring_run-11_eeg.edf,ses-01,BTEright SD,256.0,424.95
6506240,6508800,25415.0,25425.0,3.150275020027461e-05,0.0006752449862763153,0.002619956740672923,0.00041337411566219373,4.569482147614822e-07,0.0006095701565683271,1480.9439815815954,5.007320298776179,4.206770568348275,4.583832206824591,13.580010365243583,4.298304419936649,5.977514656386438,EXTREME,/Volumes/Verbatim/SEIZEL_IT2/SUB10/sub-010_ses-01_task-szMonitoring_run-11_eeg.edf,sub-010_ses-01_task-szMonitoring_run-11_eeg.edf,ses-01,BTEright SD,256.0,424.95
4622080,4624640,18055.0,18065.0,1.8833201605057626e-06,0.0006289224339168442,0.002928952391851682,0.00041249139534218354,3.9554697477871413e-07,0.0006140831357584767,1590.021192569191,5.049962708162893,4.854120740265035,4.572427366071069,11.65518456874961,3.9302312571483395,5.794097380151509,EXTREME,/Volumes/Verbatim/SEIZEL_IT2/SUB10/sub-010_ses-01_task-szMonitoring_run-11_eeg.edf,sub-010_ses-01_task-szMonitoring_run-11_eeg.edf,ses-01,BTEright SD,256.0,424.95
5771520,5774080,22545.0,22555.0,5.540365331383034e-05,0.000777734163267095,0.0029019139391165023,0.0001909336572299153,6.079399935132876e-07,0.00045098101581902717,1285.786385560623,3.5088371950030592,4.797474807030344,1.7098777412340245,18.31334915256368,5.112670503088245,5.787832951097322,EXTREME,/Volumes/Verbatim/SEIZEL_IT2/SUB10/sub-010_ses-01_task-szMonitoring_run-11_eeg.edf,sub-010_ses-01_task-szMonitoring_run-11_eeg.edf,ses-01,BTEright SD,256.0,424.95
6355200,6357760,24825.0,24835.0,2.895412521100359e-05,0.0006384397872138081,0.0025739327077134353,0.000434490511451419,4.08443703264347e-07,0.0006054168627145441,1566.3184194671596,4.9680764978734615,4.110349581402439,4.856658294323859,12.059475356468088,4.005854946926975,5.741735147563882,EXTREME,/Volumes/Verbatim/SEIZEL_IT2/SUB10/sub-010_ses-01_task-szMonitoring_run-11_eeg.edf,sub-010_ses-01_task-szMonitoring_run-11_eeg.edf,ses-01,BTEright SD,256.0,424.95
4970240,4972800,19415.0,19425.0,2.292467857704845e-05,0.0006387923651276138,0.002965910276951247,0.0003925655355916685,4.085812266331916e-07,0.0005878339273587272,1565.4538986776597,4.801938189658036,4.931548021787009,4.314983131266281,12.063786483214834,4.0086564865929395,5.740418218132489,EXTREME,/Volumes/Verbatim/SEIZEL_IT2/SUB10/sub-010_ses-01_task-szMonitoring_run-11_eeg.edf,sub-010_ses-01_task-szMonitoring_run-11_eeg.edf,ses-01,BTEright SD,256.0,424.95
3752960,3755520,14660.0,14670.0,6.82948947842755e-05,0.0005627264541473422,0.0031219546807049665,0.00046333854813386923,3.2132525485083604e-07,0.0006531055931964222,1777.0623557020504,5.418679587907542,5.258463210435342,5.229378007416383,9.328458248280763,3.404246344906129,5.733799471070712,EXTREME,/Volumes/Verbatim/SEIZEL_IT2/SUB10/sub-010_ses-01_task-szMonitoring_run-11_eeg.edf,sub-010_ses-01_task-szMonitoring_run-11_eeg.edf,ses-01,BTEright SD,256.0,424.95
